image_path,split,label
images/train/1504.jpg,train,inadequado
images/train/393.jpg,train,adequado
images/train/609.jpg,train,inadequado
images/train/168.jpg,train,adequado
images/train/855.jpg,train,adequado
images/train/162.jpg,train,adequado
images/train/614.jpg,train,adequado
images/valid/80.jpg,valid,inadequado
images/train/873.jpg,train,adequado
images/train/415.jpg,train,adequado
images/train/217.jpg,train,adequado
images/train/1427.jpg,train,adequado
images/valid/70.jpg,valid,adequado
images/test/134.jpg,test,inadequado
images/train/1069.jpg,train,adequado
images/valid/120.jpg,valid,adequado
images/train/1367.jpg,train,adequado
images/train/192.jpg,train,adequado
images/valid/1280.jpg,valid,inadequado
images/train/372.jpg,train,adequado
images/train/865.jpg,train,adequado
images/train/54.jpg,train,inadequado
images/train/942.jpg,train,inadequado
images/train/779.jpg,train,inadequado
images/train/1357.jpg,train,adequado
images/train/518.jpg,train,inadequado
images/test/v5.jpg,test,adequado
images/train/1139.jpg,train,adequado
images/train/1389.jpg,train,inadequado
images/train/1412.jpg,train,adequado
images/train/936.jpg,train,adequado
images/train/35.jpg,train,adequado
images/train/305.jpg,train,inadequado
images/valid/560.jpg,valid,adequado
images/train/501.jpg,train,inadequado
images/test/v49.jpg,test,adequado
images/test/18.jpg,test,inadequado
images/train/394.jpg,train,adequado
images/train/278.jpg,train,adequado
images/train/1043.jpg,train,adequado
images/train/637.jpg,train,adequado
images/train/1277.jpg,train,inadequado
images/train/131.jpg,train,adequado
images/train/582.jpg,train,adequado
images/train/199.jpg,train,inadequado
images/train/1267.jpg,train,inadequado
images/train/677.jpg,train,adequado
images/train/1488.jpg,train,adequado
images/test/v100.jpg,test,adequado
images/train/389.jpg,train,adequado
images/test/v97.jpg,test,adequado
images/train/587.jpg,train,adequado
images/test/63.jpg,test,adequado
images/train/64.jpg,train,adequado
images/train/436.jpg,train,adequado
images/test/v86.jpg,test,adequado
images/train/296.jpg,train,inadequado
images/train/509.jpg,train,adequado
images/train/632.jpg,train,inadequado
images/train/984.jpg,train,adequado
images/train/1371.jpg,train,adequado
images/train/671.jpg,train,adequado
images/train/43.jpg,train,adequado
images/test/v36.jpg,test,adequado
images/train/679.jpg,train,adequado
images/test/65.jpg,test,inadequado
images/train/1184.jpg,train,adequado
images/train/1215.jpg,train,inadequado
images/train/1455.jpg,train,adequado
images/valid/630.jpg,valid,adequado
images/test/142.jpg,test,adequado
images/train/1025.jpg,train,inadequado
images/train/879.jpg,train,inadequado
images/train/412.jpg,train,inadequado
images/train/888.jpg,train,inadequado
images/train/1114.jpg,train,adequado
images/train/478.jpg,train,adequado
images/train/642.jpg,train,inadequado
images/train/1092.jpg,train,adequado
images/train/95.jpg,train,inadequado
images/train/1491.jpg,train,inadequado
images/train/502.jpg,train,adequado
images/train/805.jpg,train,inadequado
images/valid/1040.jpg,valid,inadequado
images/train/342.jpg,train,inadequado
images/train/668.jpg,train,adequado
images/test/148.jpg,test,inadequado
images/train/1374.jpg,train,inadequado
images/train/1255.jpg,train,adequado
images/train/778.jpg,train,inadequado
images/train/208.jpg,train,inadequado
images/train/381.jpg,train,adequado
images/train/1046.jpg,train,adequado
images/train/139.jpg,train,adequado
images/train/1474.jpg,train,inadequado
images/valid/450.jpg,valid,adequado
images/train/1039.jpg,train,adequado
images/test/v29.jpg,test,adequado
images/train/535.jpg,train,inadequado
images/train/1134.jpg,train,adequado
images/test/106.jpg,test,inadequado
images/train/316.jpg,train,inadequado
images/train/1127.jpg,train,adequado
images/train/124.jpg,train,adequado
images/test/v34.jpg,test,adequado
images/train/1538.jpg,train,adequado
images/valid/880.jpg,valid,inadequado
images/valid/750.jpg,valid,adequado
images/train/246.jpg,train,adequado
images/train/919.jpg,train,adequado
images/train/276.jpg,train,inadequado
images/train/874.jpg,train,adequado
images/train/1385.jpg,train,adequado
images/train/583.jpg,train,adequado
images/train/1293.jpg,train,inadequado
images/test/v64.jpg,test,adequado
images/test/111.jpg,test,adequado
images/train/706.jpg,train,adequado
images/train/136.jpg,train,adequado
images/train/1099.jpg,train,adequado
images/train/1158.jpg,train,adequado
images/train/84.jpg,train,adequado
images/train/989.jpg,train,adequado
images/test/v81.jpg,test,adequado
images/train/1189.jpg,train,inadequado
images/train/268.jpg,train,adequado
images/valid/740.jpg,valid,inadequado
images/train/413.jpg,train,adequado
images/test/v65.jpg,test,inadequado
images/train/1201.jpg,train,adequado
images/train/1135.jpg,train,adequado
images/train/1421.jpg,train,inadequado
images/train/1061.jpg,train,inadequado
images/valid/1450.jpg,valid,adequado
images/test/103.jpg,test,inadequado
images/train/1382.jpg,train,adequado
images/train/1386.jpg,train,adequado
images/test/85.jpg,test,adequado
images/train/1381.jpg,train,adequado
images/train/241.jpg,train,adequado
images/train/1313.jpg,train,inadequado
images/train/611.jpg,train,inadequado
images/train/504.jpg,train,inadequado
images/train/951.jpg,train,adequado
images/train/1209.jpg,train,inadequado
images/train/1087.jpg,train,inadequado
images/test/v2.jpg,test,adequado
images/test/v87.jpg,test,adequado
images/train/1235.jpg,train,adequado
images/train/601.jpg,train,adequado
images/train/664.jpg,train,adequado
images/train/787.jpg,train,adequado
images/train/371.jpg,train,adequado
images/train/66.jpg,train,adequado
images/train/1028.jpg,train,inadequado
images/train/1178.jpg,train,adequado
images/train/1364.jpg,train,adequado
images/train/1541.jpg,train,inadequado
images/train/292.jpg,train,adequado
images/train/584.jpg,train,adequado
images/train/644.jpg,train,inadequado
images/train/798.jpg,train,inadequado
images/train/1006.jpg,train,adequado
images/train/6.jpg,train,inadequado
images/test/83.jpg,test,adequado
images/test/35.jpg,test,adequado
images/train/1227.jpg,train,inadequado
images/test/v25.jpg,test,adequado
images/valid/550.jpg,valid,adequado
images/train/795.jpg,train,adequado
images/train/32.jpg,train,inadequado
images/train/1291.jpg,train,adequado
images/train/211.jpg,train,adequado
images/train/1487.jpg,train,adequado
images/train/695.jpg,train,adequado
images/valid/410.jpg,valid,adequado
images/test/v38.jpg,test,adequado
images/train/621.jpg,train,adequado
images/test/v23.jpg,test,adequado
images/train/1019.jpg,train,adequado
images/train/366.jpg,train,inadequado
images/valid/530.jpg,valid,adequado
images/valid/30.jpg,valid,adequado
images/test/v62.jpg,test,inadequado
images/train/275.jpg,train,adequado
images/valid/220.jpg,valid,inadequado
images/train/1536.jpg,train,inadequado
images/test/2.jpg,test,inadequado
images/train/1345.jpg,train,adequado
images/train/272.jpg,train,adequado
images/train/526.jpg,train,adequado
images/train/427.jpg,train,inadequado
images/train/144.jpg,train,adequado
images/train/13.jpg,train,adequado
images/train/981.jpg,train,inadequado
images/train/1403.jpg,train,adequado
images/test/8.jpg,test,adequado
images/train/921.jpg,train,inadequado
images/test/127.jpg,test,adequado
images/train/573.jpg,train,adequado
images/train/538.jpg,train,adequado
images/train/1535.jpg,train,adequado
images/train/943.jpg,train,adequado
images/train/1409.jpg,train,adequado
images/valid/1310.jpg,valid,inadequado
images/train/1155.jpg,train,adequado
images/train/484.jpg,train,adequado
images/train/333.jpg,train,adequado
images/train/956.jpg,train,inadequado
images/train/774.jpg,train,inadequado
images/train/361.jpg,train,inadequado
images/test/78.jpg,test,adequado
images/test/42.jpg,test,adequado
images/train/1153.jpg,train,adequado
images/valid/620.jpg,valid,adequado
images/train/1362.jpg,train,adequado
images/test/22.jpg,test,adequado
images/train/1029.jpg,train,adequado
images/test/88.jpg,test,adequado
images/test/v45.jpg,test,inadequado
images/valid/300.jpg,valid,adequado
images/train/769.jpg,train,inadequado
images/train/719.jpg,train,inadequado
images/train/351.jpg,train,adequado
images/train/287.jpg,train,inadequado
images/train/715.jpg,train,adequado
images/train/1324.jpg,train,adequado
images/train/355.jpg,train,adequado
images/train/422.jpg,train,adequado
images/train/745.jpg,train,adequado
images/train/435.jpg,train,adequado
images/train/639.jpg,train,inadequado
images/train/655.jpg,train,adequado
images/train/1021.jpg,train,inadequado
images/train/1174.jpg,train,inadequado
images/train/423.jpg,train,adequado
images/valid/140.jpg,valid,inadequado
images/train/279.jpg,train,inadequado
images/train/1352.jpg,train,adequado
images/train/712.jpg,train,adequado
images/test/144.jpg,test,adequado
images/train/606.jpg,train,adequado
images/train/576.jpg,train,adequado
images/train/72.jpg,train,adequado
images/train/638.jpg,train,inadequado
images/train/681.jpg,train,adequado
images/train/154.jpg,train,inadequado
images/train/477.jpg,train,adequado
images/train/214.jpg,train,adequado
images/valid/310.jpg,valid,adequado
images/test/110.jpg,test,inadequado
images/train/163.jpg,train,inadequado
images/train/908.jpg,train,adequado
images/train/1323.jpg,train,adequado
images/train/571.jpg,train,adequado
images/train/352.jpg,train,inadequado
images/train/737.jpg,train,adequado
images/test/v17.jpg,test,inadequado
images/train/1358.jpg,train,adequado
images/train/767.jpg,train,inadequado
images/train/247.jpg,train,adequado
images/valid/920.jpg,valid,adequado
images/train/437.jpg,train,adequado
images/train/1531.jpg,train,inadequado
images/train/882.jpg,train,adequado
images/test/74.jpg,test,adequado
images/train/33.jpg,train,inadequado
images/train/252.jpg,train,adequado
images/train/303.jpg,train,adequado
images/train/153.jpg,train,adequado
images/train/1528.jpg,train,adequado
images/train/1138.jpg,train,inadequado
images/train/1392.jpg,train,adequado
images/train/993.jpg,train,adequado
images/train/1117.jpg,train,adequado
images/train/911.jpg,train,adequado
images/train/1498.jpg,train,inadequado
images/train/906.jpg,train,inadequado
images/train/965.jpg,train,adequado
images/test/97.jpg,test,inadequado
images/test/82.jpg,test,inadequado
images/valid/1030.jpg,valid,inadequado
images/train/533.jpg,train,adequado
images/train/543.jpg,train,adequado
images/train/1261.jpg,train,adequado
images/train/1054.jpg,train,adequado
images/train/1182.jpg,train,adequado
images/train/1161.jpg,train,adequado
images/train/254.jpg,train,adequado
images/train/945.jpg,train,adequado
images/valid/930.jpg,valid,adequado
images/train/1183.jpg,train,adequado
images/train/944.jpg,train,adequado
images/train/969.jpg,train,inadequado
images/train/141.jpg,train,adequado
images/train/1299.jpg,train,inadequado
images/train/1505.jpg,train,adequado
images/test/3.jpg,test,inadequado
images/train/391.jpg,train,adequado
images/train/859.jpg,train,inadequado
images/test/27.jpg,test,inadequado
images/test/v9.jpg,test,adequado
images/train/572.jpg,train,adequado
images/train/226.jpg,train,adequado
images/test/114.jpg,test,adequado
images/train/1434.jpg,train,inadequado
images/test/136.jpg,test,adequado
images/valid/100.jpg,valid,adequado
images/train/898.jpg,train,adequado
images/train/837.jpg,train,inadequado
images/test/39.jpg,test,adequado
images/train/713.jpg,train,adequado
images/train/191.jpg,train,inadequado
images/train/801.jpg,train,inadequado
images/train/916.jpg,train,inadequado
images/test/12.jpg,test,adequado
images/test/28.jpg,test,inadequado
images/train/987.jpg,train,inadequado
images/train/841.jpg,train,adequado
images/train/1213.jpg,train,adequado
images/train/517.jpg,train,inadequado
images/train/901.jpg,train,inadequado
images/train/578.jpg,train,adequado
images/train/37.jpg,train,adequado
images/train/932.jpg,train,inadequado
images/valid/980.jpg,valid,inadequado
images/train/447.jpg,train,adequado
images/train/1222.jpg,train,inadequado
images/train/629.jpg,train,inadequado
images/train/364.jpg,train,adequado
images/train/354.jpg,train,inadequado
images/valid/1170.jpg,valid,adequado
images/test/153.jpg,test,adequado
images/train/1407.jpg,train,adequado
images/train/959.jpg,train,adequado
images/train/1168.jpg,train,adequado
images/train/55.jpg,train,adequado
images/test/69.jpg,test,adequado
images/train/854.jpg,train,adequado
images/train/1322.jpg,train,adequado
images/train/165.jpg,train,adequado
images/train/1379.jpg,train,adequado
images/train/631.jpg,train,inadequado
images/train/823.jpg,train,inadequado
images/train/424.jpg,train,adequado
images/valid/1360.jpg,valid,inadequado
images/test/146.jpg,test,adequado
images/train/334.jpg,train,adequado
images/train/491.jpg,train,adequado
images/train/1253.jpg,train,adequado
images/train/1369.jpg,train,inadequado
images/train/816.jpg,train,adequado
images/train/902.jpg,train,adequado
images/train/676.jpg,train,adequado
images/test/v14.jpg,test,adequado
images/valid/370.jpg,valid,inadequado
images/train/849.jpg,train,inadequado
images/valid/770.jpg,valid,adequado
images/train/25.jpg,train,adequado
images/train/1268.jpg,train,adequado
images/train/376.jpg,train,adequado
images/train/197.jpg,train,adequado
images/train/684.jpg,train,adequado
images/train/701.jpg,train,adequado
images/train/585.jpg,train,adequado
images/train/972.jpg,train,inadequado
images/train/62.jpg,train,inadequado
images/valid/1240.jpg,valid,inadequado
images/test/24.jpg,test,adequado
images/test/30.jpg,test,adequado
images/train/962.jpg,train,adequado
images/train/1245.jpg,train,adequado
images/train/1499.jpg,train,adequado
images/train/646.jpg,train,adequado
images/train/1272.jpg,train,inadequado
images/train/1217.jpg,train,adequado
images/test/175.jpg,test,inadequado
images/test/57.jpg,test,inadequado
images/train/1546.jpg,train,adequado
images/test/v18.jpg,test,adequado
images/train/283.jpg,train,inadequado
images/train/776.jpg,train,inadequado
images/train/607.jpg,train,inadequado
images/train/508.jpg,train,inadequado
images/train/852.jpg,train,adequado
images/train/973.jpg,train,adequado
images/train/1068.jpg,train,adequado
images/test/v66.jpg,test,adequado
images/test/v89.jpg,test,adequado
images/train/904.jpg,train,adequado
images/train/109.jpg,train,adequado
images/train/113.jpg,train,adequado
images/train/709.jpg,train,inadequado
images/train/784.jpg,train,inadequado
images/train/1075.jpg,train,adequado
images/train/1439.jpg,train,inadequado
images/train/747.jpg,train,inadequado
images/train/425.jpg,train,inadequado
images/test/v7.jpg,test,adequado
images/train/1406.jpg,train,adequado
images/train/627.jpg,train,adequado
images/train/1511.jpg,train,inadequado
images/valid/780.jpg,valid,inadequado
images/train/868.jpg,train,adequado
images/train/824.jpg,train,inadequado
images/test/92.jpg,test,adequado
images/test/91.jpg,test,adequado
images/train/1036.jpg,train,inadequado
images/train/539.jpg,train,adequado
images/train/295.jpg,train,adequado
images/train/605.jpg,train,inadequado
images/test/102.jpg,test,adequado
images/train/338.jpg,train,adequado
images/train/451.jpg,train,adequado
images/train/1413.jpg,train,adequado
images/train/89.jpg,train,inadequado
images/train/628.jpg,train,adequado
images/train/358.jpg,train,adequado
images/test/43.jpg,test,inadequado
images/train/674.jpg,train,inadequado
images/train/111.jpg,train,inadequado
images/train/261.jpg,train,adequado
images/train/549.jpg,train,adequado
images/train/457.jpg,train,inadequado
images/test/165.jpg,test,inadequado
images/train/1063.jpg,train,adequado
images/train/1098.jpg,train,adequado
images/train/673.jpg,train,adequado
images/valid/330.jpg,valid,adequado
images/train/1032.jpg,train,inadequado
images/train/556.jpg,train,adequado
images/train/411.jpg,train,inadequado
images/valid/400.jpg,valid,adequado
images/valid/580.jpg,valid,inadequado
images/train/1354.jpg,train,adequado
images/train/259.jpg,train,adequado
images/train/685.jpg,train,inadequado
images/test/36.jpg,test,adequado
images/test/81.jpg,test,adequado
images/test/v57.jpg,test,adequado
images/train/1229.jpg,train,inadequado
images/train/1113.jpg,train,adequado
images/train/1475.jpg,train,inadequado
images/train/193.jpg,train,inadequado
images/valid/1000.jpg,valid,adequado
images/train/876.jpg,train,adequado
images/train/46.jpg,train,inadequado
images/train/1318.jpg,train,adequado
images/train/218.jpg,train,inadequado
images/train/847.jpg,train,inadequado
images/test/v50.jpg,test,adequado
images/train/788.jpg,train,inadequado
images/train/844.jpg,train,inadequado
images/train/494.jpg,train,adequado
images/test/98.jpg,test,adequado
images/test/6.jpg,test,adequado
images/train/468.jpg,train,adequado
images/train/449.jpg,train,inadequado
images/train/1216.jpg,train,inadequado
images/train/1279.jpg,train,inadequado
images/train/383.jpg,train,adequado
images/valid/1550.jpg,valid,adequado
images/train/692.jpg,train,inadequado
images/train/649.jpg,train,inadequado
images/test/168.jpg,test,adequado
images/train/56.jpg,train,adequado
images/train/107.jpg,train,adequado
images/train/566.jpg,train,inadequado
images/test/161.jpg,test,adequado
images/train/321.jpg,train,inadequado
images/train/105.jpg,train,adequado
images/train/149.jpg,train,adequado
images/train/1254.jpg,train,adequado
images/test/86.jpg,test,adequado
images/valid/760.jpg,valid,adequado
images/test/31.jpg,test,adequado
images/train/302.jpg,train,inadequado
images/test/138.jpg,test,inadequado
images/test/v54.jpg,test,adequado
images/test/v35.jpg,test,adequado
images/train/961.jpg,train,adequado
images/train/1361.jpg,train,adequado
images/train/752.jpg,train,inadequado
images/train/206.jpg,train,adequado
images/valid/360.jpg,valid,adequado
images/train/271.jpg,train,inadequado
images/train/1033.jpg,train,inadequado
images/valid/950.jpg,valid,adequado
images/train/1115.jpg,train,adequado
images/train/49.jpg,train,inadequado
images/test/104.jpg,test,adequado
images/test/143.jpg,test,inadequado
images/valid/640.jpg,valid,adequado
images/train/1495.jpg,train,adequado
images/train/194.jpg,train,inadequado
images/valid/320.jpg,valid,adequado
images/train/537.jpg,train,adequado
images/train/1243.jpg,train,adequado
images/valid/290.jpg,valid,inadequado
images/train/1348.jpg,train,adequado
images/train/947.jpg,train,inadequado
images/train/1192.jpg,train,inadequado
images/train/384.jpg,train,adequado
images/train/928.jpg,train,inadequado
images/train/216.jpg,train,adequado
images/train/306.jpg,train,adequado
images/train/651.jpg,train,inadequado
images/train/998.jpg,train,inadequado
images/train/318.jpg,train,inadequado
images/train/913.jpg,train,adequado
images/train/1347.jpg,train,adequado
images/train/756.jpg,train,adequado
images/train/878.jpg,train,adequado
images/train/1128.jpg,train,adequado
images/test/v79.jpg,test,inadequado
images/train/616.jpg,train,adequado
images/train/1415.jpg,train,adequado
images/test/177.jpg,test,adequado
images/valid/1160.jpg,valid,adequado
images/train/85.jpg,train,adequado
images/test/58.jpg,test,inadequado
images/train/1146.jpg,train,adequado
images/train/1078.jpg,train,inadequado
images/train/426.jpg,train,inadequado
images/train/444.jpg,train,inadequado
images/train/248.jpg,train,adequado
images/train/672.jpg,train,adequado
images/test/150.jpg,test,adequado
images/train/1265.jpg,train,inadequado
images/train/117.jpg,train,adequado
images/valid/700.jpg,valid,adequado
images/train/1526.jpg,train,adequado
images/train/1377.jpg,train,inadequado
images/test/75.jpg,test,adequado
images/train/1207.jpg,train,inadequado
images/test/v26.jpg,test,adequado
images/train/314.jpg,train,adequado
images/test/93.jpg,test,inadequado
images/train/179.jpg,train,adequado
images/valid/1250.jpg,valid,inadequado
images/test/v39.jpg,test,adequado
images/train/1376.jpg,train,inadequado
images/train/1035.jpg,train,inadequado
images/train/532.jpg,train,adequado
images/train/939.jpg,train,inadequado
images/train/414.jpg,train,adequado
images/train/1101.jpg,train,adequado
images/train/708.jpg,train,adequado
images/train/507.jpg,train,adequado
images/train/1196.jpg,train,inadequado
images/test/46.jpg,test,adequado
images/train/59.jpg,train,adequado
images/train/1237.jpg,train,inadequado
images/train/1296.jpg,train,inadequado
images/train/93.jpg,train,adequado
images/test/v69.jpg,test,inadequado
images/train/1009.jpg,train,inadequado
images/train/1284.jpg,train,adequado
images/train/1416.jpg,train,adequado
images/train/1023.jpg,train,adequado
images/train/18.jpg,train,adequado
images/train/818.jpg,train,inadequado
images/train/815.jpg,train,adequado
images/train/8.jpg,train,adequado
images/train/1244.jpg,train,inadequado
images/train/1111.jpg,train,inadequado
images/test/v56.jpg,test,adequado
images/test/v32.jpg,test,adequado
images/train/1205.jpg,train,adequado
images/train/826.jpg,train,adequado
images/train/256.jpg,train,inadequado
images/train/409.jpg,train,inadequado
images/train/1446.jpg,train,adequado
images/test/9.jpg,test,adequado
images/train/286.jpg,train,adequado
images/train/553.jpg,train,inadequado
images/valid/1060.jpg,valid,inadequado
images/test/v27.jpg,test,adequado
images/train/178.jpg,train,adequado
images/train/858.jpg,train,inadequado
images/test/v24.jpg,test,adequado
images/train/101.jpg,train,adequado
images/valid/1510.jpg,valid,adequado
images/train/1483.jpg,train,adequado
images/train/864.jpg,train,adequado
images/train/322.jpg,train,adequado
images/train/462.jpg,train,inadequado
images/test/v19.jpg,test,adequado
images/test/13.jpg,test,adequado
images/train/743.jpg,train,adequado
images/train/1396.jpg,train,adequado
images/train/1081.jpg,train,adequado
images/test/v40.jpg,test,adequado
images/train/1176.jpg,train,inadequado
images/train/1186.jpg,train,adequado
images/train/198.jpg,train,adequado
images/train/375.jpg,train,adequado
images/train/828.jpg,train,adequado
images/train/1252.jpg,train,inadequado
images/train/827.jpg,train,adequado
images/train/1453.jpg,train,adequado
images/train/1388.jpg,train,inadequado
images/test/17.jpg,test,inadequado
images/train/1303.jpg,train,inadequado
images/train/1058.jpg,train,inadequado
images/train/643.jpg,train,adequado
images/train/1048.jpg,train,adequado
images/train/545.jpg,train,inadequado
images/train/1309.jpg,train,inadequado
images/train/1172.jpg,train,adequado
images/train/1466.jpg,train,adequado
images/train/686.jpg,train,inadequado
images/train/1102.jpg,train,inadequado
images/train/1456.jpg,train,inadequado
images/train/1093.jpg,train,inadequado
images/train/558.jpg,train,adequado
images/train/869.jpg,train,adequado
images/train/1242.jpg,train,inadequado
images/train/1071.jpg,train,adequado
images/train/1037.jpg,train,inadequado
images/train/173.jpg,train,inadequado
images/train/641.jpg,train,adequado
images/train/1327.jpg,train,inadequado
images/train/496.jpg,train,inadequado
images/test/180.jpg,test,adequado
images/train/1339.jpg,train,adequado
images/train/498.jpg,train,adequado
images/train/833.jpg,train,inadequado
images/train/1349.jpg,train,adequado
images/valid/1120.jpg,valid,adequado
images/train/534.jpg,train,adequado
images/train/472.jpg,train,adequado
images/train/783.jpg,train,adequado
images/train/1431.jpg,train,adequado
images/train/1149.jpg,train,adequado
images/train/1016.jpg,train,adequado
images/test/v55.jpg,test,adequado
images/test/59.jpg,test,adequado
images/train/347.jpg,train,adequado
images/train/1462.jpg,train,adequado
images/test/66.jpg,test,adequado
images/train/1342.jpg,train,adequado
images/train/224.jpg,train,adequado
images/valid/340.jpg,valid,inadequado
images/train/792.jpg,train,inadequado
images/train/949.jpg,train,adequado
images/train/373.jpg,train,adequado
images/test/v8.jpg,test,adequado
images/train/915.jpg,train,adequado
images/train/1395.jpg,train,adequado
images/train/598.jpg,train,inadequado
images/train/794.jpg,train,inadequado
images/train/1045.jpg,train,inadequado
images/train/1432.jpg,train,adequado
images/test/67.jpg,test,adequado
images/train/716.jpg,train,inadequado
images/train/782.jpg,train,inadequado
images/train/1246.jpg,train,inadequado
images/valid/860.jpg,valid,adequado
images/train/1332.jpg,train,adequado
images/train/918.jpg,train,inadequado
images/train/1391.jpg,train,inadequado
images/train/78.jpg,train,adequado
images/train/982.jpg,train,adequado
images/test/178.jpg,test,adequado
images/train/1356.jpg,train,adequado
images/valid/600.jpg,valid,adequado
images/train/169.jpg,train,inadequado
images/test/v93.jpg,test,adequado
images/valid/1380.jpg,valid,inadequado
images/test/113.jpg,test,inadequado
images/train/213.jpg,train,adequado
images/train/862.jpg,train,adequado
images/test/179.jpg,test,adequado
images/train/459.jpg,train,adequado
images/train/825.jpg,train,adequado
images/train/343.jpg,train,adequado
images/train/1532.jpg,train,adequado
images/train/531.jpg,train,inadequado
images/train/1436.jpg,train,adequado
images/train/63.jpg,train,inadequado
images/train/1072.jpg,train,inadequado
images/valid/1520.jpg,valid,adequado
images/train/1533.jpg,train,adequado
images/train/999.jpg,train,inadequado
images/train/625.jpg,train,adequado
images/train/988.jpg,train,adequado
images/valid/1220.jpg,valid,inadequado
images/train/604.jpg,train,adequado
images/train/1479.jpg,train,adequado
images/train/603.jpg,train,inadequado
images/train/1496.jpg,train,adequado
images/train/1507.jpg,train,adequado
images/train/1437.jpg,train,adequado
images/train/1282.jpg,train,inadequado
images/train/885.jpg,train,inadequado
images/train/464.jpg,train,adequado
images/test/v15.jpg,test,adequado
images/train/1159.jpg,train,inadequado
images/train/441.jpg,train,adequado
images/valid/440.jpg,valid,inadequado
images/train/1485.jpg,train,adequado
images/train/525.jpg,train,inadequado
images/train/442.jpg,train,inadequado
images/test/72.jpg,test,adequado
images/train/1429.jpg,train,inadequado
images/train/763.jpg,train,inadequado
images/train/721.jpg,train,adequado
images/train/183.jpg,train,adequado
images/train/991.jpg,train,inadequado
images/train/1164.jpg,train,adequado
images/train/475.jpg,train,adequado
images/train/243.jpg,train,inadequado
images/train/265.jpg,train,inadequado
images/train/103.jpg,train,adequado
images/valid/260.jpg,valid,inadequado
images/train/1509.jpg,train,adequado
images/train/336.jpg,train,inadequado
images/train/417.jpg,train,inadequado
images/train/1297.jpg,train,adequado
images/train/1136.jpg,train,inadequado
images/test/15.jpg,test,adequado
images/train/887.jpg,train,adequado
images/train/68.jpg,train,adequado
images/train/799.jpg,train,adequado
images/valid/650.jpg,valid,adequado
images/train/739.jpg,train,inadequado
images/train/807.jpg,train,adequado
images/train/689.jpg,train,inadequado
images/train/1373.jpg,train,inadequado
images/train/791.jpg,train,adequado
images/train/1194.jpg,train,inadequado
images/train/548.jpg,train,adequado
images/train/761.jpg,train,inadequado
images/test/60.jpg,test,inadequado
images/train/174.jpg,train,adequado
images/train/294.jpg,train,inadequado
images/test/16.jpg,test,adequado
images/train/1539.jpg,train,inadequado
images/train/1425.jpg,train,inadequado
images/test/151.jpg,test,adequado
images/train/1334.jpg,train,adequado
images/train/94.jpg,train,adequado
images/valid/190.jpg,valid,adequado
images/train/884.jpg,train,inadequado
images/train/1477.jpg,train,adequado
images/train/1038.jpg,train,inadequado
images/train/699.jpg,train,adequado
images/train/522.jpg,train,inadequado
images/test/171.jpg,test,adequado
images/train/429.jpg,train,adequado
images/test/118.jpg,test,adequado
images/train/331.jpg,train,inadequado
images/train/1433.jpg,train,inadequado
images/test/v75.jpg,test,inadequado
images/test/v73.jpg,test,adequado
images/train/1109.jpg,train,adequado
images/train/838.jpg,train,inadequado
images/train/1331.jpg,train,adequado
images/train/1344.jpg,train,inadequado
images/train/469.jpg,train,inadequado
images/train/86.jpg,train,adequado
images/train/395.jpg,train,inadequado
images/train/407.jpg,train,inadequado
images/train/521.jpg,train,adequado
images/train/27.jpg,train,inadequado
images/train/697.jpg,train,adequado
images/train/219.jpg,train,adequado
images/train/1187.jpg,train,inadequado
images/train/1287.jpg,train,adequado
images/train/1464.jpg,train,adequado
images/train/288.jpg,train,adequado
images/train/1544.jpg,train,inadequado
images/train/931.jpg,train,inadequado
images/train/1181.jpg,train,adequado
images/train/396.jpg,train,adequado
images/train/703.jpg,train,adequado
images/train/519.jpg,train,inadequado
images/test/164.jpg,test,adequado
images/train/647.jpg,train,adequado
images/train/1022.jpg,train,inadequado
images/test/20.jpg,test,adequado
images/train/209.jpg,train,inadequado
images/train/311.jpg,train,adequado
images/train/691.jpg,train,inadequado
images/test/v3.jpg,test,adequado
images/train/1027.jpg,train,inadequado
images/train/1258.jpg,train,adequado
images/train/238.jpg,train,inadequado
images/train/968.jpg,train,adequado
images/train/374.jpg,train,inadequado
images/train/1454.jpg,train,adequado
images/test/112.jpg,test,adequado
images/train/232.jpg,train,inadequado
images/valid/1010.jpg,valid,inadequado
images/train/9.jpg,train,adequado
images/test/62.jpg,test,adequado
images/test/v37.jpg,test,adequado
images/train/1525.jpg,train,adequado
images/train/1281.jpg,train,inadequado
images/train/1424.jpg,train,inadequado
images/test/160.jpg,test,adequado
images/train/511.jpg,train,adequado
images/train/467.jpg,train,inadequado
images/train/1492.jpg,train,adequado
images/valid/350.jpg,valid,adequado
images/train/796.jpg,train,adequado
images/train/61.jpg,train,adequado
images/train/856.jpg,train,adequado
images/train/636.jpg,train,inadequado
images/train/775.jpg,train,adequado
images/test/137.jpg,test,adequado
images/train/738.jpg,train,adequado
images/train/696.jpg,train,adequado
images/train/479.jpg,train,adequado
images/test/123.jpg,test,adequado
images/valid/1540.jpg,valid,adequado
images/train/978.jpg,train,adequado
images/test/v61.jpg,test,inadequado
images/test/166.jpg,test,adequado
images/valid/940.jpg,valid,adequado
images/train/588.jpg,train,adequado
images/train/602.jpg,train,inadequado
images/train/88.jpg,train,adequado
images/train/667.jpg,train,adequado
images/test/48.jpg,test,inadequado
images/train/624.jpg,train,adequado
images/train/87.jpg,train,adequado
images/test/7.jpg,test,inadequado
images/test/121.jpg,test,adequado
images/test/169.jpg,test,adequado
images/test/v28.jpg,test,adequado
images/valid/420.jpg,valid,adequado
images/test/v16.jpg,test,adequado
images/train/732.jpg,train,inadequado
images/train/853.jpg,train,inadequado
images/test/80.jpg,test,adequado
images/train/65.jpg,train,inadequado
images/train/907.jpg,train,inadequado
images/valid/230.jpg,valid,adequado
images/valid/1330.jpg,valid,adequado
images/valid/1270.jpg,valid,inadequado
images/valid/1090.jpg,valid,inadequado
images/test/v46.jpg,test,adequado
images/train/797.jpg,train,inadequado
images/test/70.jpg,test,adequado
images/train/705.jpg,train,inadequado
images/train/748.jpg,train,inadequado
images/test/64.jpg,test,inadequado
images/valid/390.jpg,valid,inadequado
images/train/724.jpg,train,inadequado
images/test/126.jpg,test,inadequado
images/train/92.jpg,train,adequado
images/valid/800.jpg,valid,adequado
images/train/848.jpg,train,inadequado
images/train/883.jpg,train,adequado
images/train/994.jpg,train,adequado
images/train/97.jpg,train,inadequado
images/train/567.jpg,train,adequado
images/train/612.jpg,train,inadequado
images/test/170.jpg,test,adequado
images/train/977.jpg,train,inadequado
images/test/v71.jpg,test,adequado
images/train/76.jpg,train,adequado
images/test/131.jpg,test,adequado
images/train/899.jpg,train,adequado
images/test/4.jpg,test,adequado
images/valid/1190.jpg,valid,inadequado
images/test/v47.jpg,test,adequado
images/valid/1460.jpg,valid,adequado
images/test/155.jpg,test,inadequado
images/test/29.jpg,test,adequado
images/train/927.jpg,train,adequado
images/test/v21.jpg,test,adequado
images/train/835.jpg,train,adequado
images/test/79.jpg,test,inadequado
images/train/771.jpg,train,inadequado
images/train/957.jpg,train,inadequado
images/test/23.jpg,test,adequado
images/valid/1480.jpg,valid,adequado
images/test/141.jpg,test,inadequado
images/test/v58.jpg,test,adequado
images/train/903.jpg,train,inadequado
images/valid/480.jpg,valid,adequado
images/valid/850.jpg,valid,adequado
images/train/7.jpg,train,adequado
images/test/172.jpg,test,adequado
images/train/99.jpg,train,adequado
images/valid/790.jpg,valid,inadequado
images/valid/610.jpg,valid,adequado
images/test/44.jpg,test,adequado
images/train/875.jpg,train,adequado
images/valid/1490.jpg,valid,adequado
images/train/702.jpg,train,inadequado
images/test/v11.jpg,test,adequado
images/test/v51.jpg,test,adequado
images/valid/1260.jpg,valid,inadequado
images/test/v20.jpg,test,adequado
images/valid/960.jpg,valid,adequado
images/valid/1370.jpg,valid,adequado
images/valid/1210.jpg,valid,adequado
images/train/922.jpg,train,inadequado
images/test/32.jpg,test,adequado
images/test/105.jpg,test,adequado
images/train/594.jpg,train,inadequado
images/valid/1410.jpg,valid,adequado
images/test/100.jpg,test,adequado
images/test/120.jpg,test,inadequado
images/valid/1290.jpg,valid,adequado
images/valid/1500.jpg,valid,adequado
images/test/84.jpg,test,adequado
images/test/76.jpg,test,adequado
images/train/914.jpg,train,inadequado
images/valid/710.jpg,valid,inadequado
images/test/94.jpg,test,adequado
images/valid/90.jpg,valid,adequado
images/train/832.jpg,train,adequado
images/train/819.jpg,train,adequado
images/test/v72.jpg,test,adequado
images/valid/180.jpg,valid,adequado
images/train/889.jpg,train,adequado
images/test/v10.jpg,test,inadequado
images/test/147.jpg,test,adequado
images/test/v41.jpg,test,inadequado
images/train/597.jpg,train,inadequado
images/test/v99.jpg,test,inadequado
images/test/50.jpg,test,inadequado
images/train/966.jpg,train,adequado
images/valid/1130.jpg,valid,adequado
images/test/89.jpg,test,inadequado
images/test/61.jpg,test,adequado
images/test/v44.jpg,test,adequado
images/valid/870.jpg,valid,adequado
images/train/744.jpg,train,inadequado
images/valid/500.jpg,valid,adequado
images/train/461.jpg,train,inadequado
images/valid/1530.jpg,valid,adequado
images/test/37.jpg,test,adequado
images/test/87.jpg,test,adequado
images/train/886.jpg,train,inadequado
images/valid/460.jpg,valid,adequado
images/train/476.jpg,train,inadequado
images/valid/270.jpg,valid,inadequado
images/train/75.jpg,train,inadequado
images/train/786.jpg,train,inadequado
images/valid/590.jpg,valid,adequado
images/train/808.jpg,train,adequado
images/test/152.jpg,test,adequado
images/valid/20.jpg,valid,adequado
images/test/119.jpg,test,inadequado
images/test/v12.jpg,test,inadequado
images/train/839.jpg,train,inadequado
images/train/698.jpg,train,adequado
images/valid/1070.jpg,valid,adequado
images/test/v30.jpg,test,adequado
images/train/892.jpg,train,inadequado
images/train/803.jpg,train,inadequado
images/train/388.jpg,train,adequado
images/train/229.jpg,train,inadequado
images/train/1317.jpg,train,inadequado
images/train/1171.jpg,train,adequado
images/test/176.jpg,test,adequado
images/test/101.jpg,test,adequado
images/train/1275.jpg,train,adequado
images/test/162.jpg,test,inadequado
images/train/1232.jpg,train,inadequado
images/valid/250.jpg,valid,adequado
images/train/1204.jpg,train,inadequado
images/train/445.jpg,train,adequado
images/train/729.jpg,train,inadequado
images/test/108.jpg,test,adequado
images/train/1241.jpg,train,inadequado
images/train/324.jpg,train,inadequado
images/train/1073.jpg,train,adequado
images/train/589.jpg,train,inadequado
images/train/665.jpg,train,inadequado
images/train/344.jpg,train,adequado
images/train/1298.jpg,train,inadequado
images/train/1239.jpg,train,inadequado
images/train/1034.jpg,train,inadequado
images/train/1301.jpg,train,inadequado
images/train/228.jpg,train,inadequado
images/train/326.jpg,train,adequado
images/valid/1340.jpg,valid,adequado
images/train/1003.jpg,train,inadequado
images/train/1077.jpg,train,adequado
images/train/184.jpg,train,adequado
images/train/654.jpg,train,inadequado
images/train/1162.jpg,train,adequado
images/train/1084.jpg,train,inadequado
images/train/26.jpg,train,adequado
images/test/38.jpg,test,adequado
images/train/1103.jpg,train,adequado
images/train/379.jpg,train,adequado
images/train/244.jpg,train,inadequado
images/test/v83.jpg,test,adequado
images/train/836.jpg,train,adequado
images/train/202.jpg,train,adequado
images/train/1451.jpg,train,inadequado
images/train/222.jpg,train,adequado
images/train/1307.jpg,train,adequado
images/train/1465.jpg,train,inadequado
images/train/1473.jpg,train,adequado
images/train/1548.jpg,train,adequado
images/train/416.jpg,train,inadequado
images/train/1233.jpg,train,inadequado
images/train/871.jpg,train,inadequado
images/train/431.jpg,train,adequado
images/train/634.jpg,train,adequado
images/train/24.jpg,train,adequado
images/train/1438.jpg,train,adequado
images/train/404.jpg,train,inadequado
images/train/653.jpg,train,adequado
images/train/1123.jpg,train,adequado
images/train/1256.jpg,train,adequado
images/train/1314.jpg,train,adequado
images/train/195.jpg,train,adequado
images/train/452.jpg,train,adequado
images/train/1154.jpg,train,adequado
images/train/813.jpg,train,adequado
images/test/v78.jpg,test,inadequado
images/train/21.jpg,train,inadequado
images/train/1076.jpg,train,adequado
images/train/1516.jpg,train,inadequado
images/train/1422.jpg,train,adequado
images/train/1067.jpg,train,adequado
images/test/v91.jpg,test,adequado
images/valid/840.jpg,valid,inadequado
images/train/688.jpg,train,inadequado
images/train/119.jpg,train,adequado
images/test/139.jpg,test,inadequado
images/train/1294.jpg,train,adequado
images/train/1107.jpg,train,inadequado
images/train/392.jpg,train,adequado
images/test/68.jpg,test,adequado
images/train/273.jpg,train,adequado
images/test/19.jpg,test,adequado
images/train/1302.jpg,train,inadequado
images/train/733.jpg,train,inadequado
images/train/1047.jpg,train,inadequado
images/train/1283.jpg,train,inadequado
images/train/1131.jpg,train,adequado
images/valid/830.jpg,valid,inadequado
images/test/11.jpg,test,adequado
images/train/1312.jpg,train,inadequado
images/train/1185.jpg,train,inadequado
images/train/1372.jpg,train,adequado
images/train/1234.jpg,train,inadequado
images/test/124.jpg,test,adequado
images/train/474.jpg,train,inadequado
images/train/1292.jpg,train,inadequado
images/test/v4.jpg,test,adequado
images/train/155.jpg,train,adequado
images/train/223.jpg,train,adequado
images/train/909.jpg,train,inadequado
images/train/1508.jpg,train,inadequado
images/train/958.jpg,train,inadequado
images/train/1198.jpg,train,adequado
images/train/327.jpg,train,adequado
images/train/402.jpg,train,adequado
images/train/382.jpg,train,inadequado
images/train/1124.jpg,train,adequado
images/train/1199.jpg,train,inadequado
images/train/36.jpg,train,adequado
images/train/1125.jpg,train,adequado
images/train/1476.jpg,train,adequado
images/test/v95.jpg,test,inadequado
images/train/385.jpg,train,inadequado
images/test/71.jpg,test,adequado
images/train/1355.jpg,train,adequado
images/test/25.jpg,test,inadequado
images/train/138.jpg,train,adequado
images/train/215.jpg,train,inadequado
images/train/3.jpg,train,inadequado
images/train/1251.jpg,train,inadequado
images/train/329.jpg,train,adequado
images/train/1426.jpg,train,adequado
images/train/1228.jpg,train,inadequado
images/train/1096.jpg,train,inadequado
images/train/1018.jpg,train,inadequado
images/train/433.jpg,train,inadequado
images/train/147.jpg,train,adequado
images/train/349.jpg,train,inadequado
images/train/282.jpg,train,inadequado
images/train/895.jpg,train,adequado
images/train/1248.jpg,train,adequado
images/train/187.jpg,train,inadequado
images/valid/1100.jpg,valid,inadequado
images/train/986.jpg,train,inadequado
images/train/359.jpg,train,adequado
images/train/1088.jpg,train,inadequado
images/train/1197.jpg,train,inadequado
images/train/593.jpg,train,inadequado
images/train/1542.jpg,train,adequado
images/train/1011.jpg,train,inadequado
images/train/718.jpg,train,inadequado
images/train/1285.jpg,train,adequado
images/train/339.jpg,train,adequado
images/train/23.jpg,train,inadequado
images/train/524.jpg,train,adequado
images/train/1289.jpg,train,inadequado
images/train/1351.jpg,train,adequado
images/train/1266.jpg,train,inadequado
images/train/1366.jpg,train,inadequado
images/test/173.jpg,test,adequado
images/test/5.jpg,test,adequado
images/train/938.jpg,train,adequado
images/train/493.jpg,train,adequado
images/train/1059.jpg,train,inadequado
images/train/546.jpg,train,adequado
images/train/1179.jpg,train,inadequado
images/train/1515.jpg,train,adequado
images/train/281.jpg,train,adequado
images/train/167.jpg,train,adequado
images/train/613.jpg,train,inadequado
images/train/172.jpg,train,inadequado
images/train/514.jpg,train,adequado
images/test/167.jpg,test,adequado
images/train/564.jpg,train,inadequado
images/test/54.jpg,test,adequado
images/train/51.jpg,train,inadequado
images/train/1218.jpg,train,inadequado
images/train/626.jpg,train,adequado
images/train/1026.jpg,train,inadequado
images/train/319.jpg,train,inadequado
images/train/332.jpg,train,inadequado
images/train/1085.jpg,train,inadequado
images/train/237.jpg,train,inadequado
images/train/121.jpg,train,adequado
images/test/v96.jpg,test,inadequado
images/train/1157.jpg,train,adequado
images/train/1418.jpg,train,adequado
images/train/434.jpg,train,adequado
images/train/39.jpg,train,inadequado
images/train/1053.jpg,train,inadequado
images/train/257.jpg,train,inadequado
images/train/1338.jpg,train,adequado
images/train/1346.jpg,train,adequado
images/train/377.jpg,train,adequado
images/train/1537.jpg,train,adequado
images/train/1458.jpg,train,adequado
images/train/126.jpg,train,adequado
images/train/1042.jpg,train,inadequado
images/train/985.jpg,train,inadequado
images/train/1064.jpg,train,adequado
images/train/1083.jpg,train,inadequado
images/valid/1110.jpg,valid,adequado
images/train/1471.jpg,train,inadequado
images/train/1108.jpg,train,adequado
images/test/157.jpg,test,inadequado
images/test/99.jpg,test,adequado
images/valid/1430.jpg,valid,adequado
images/train/1529.jpg,train,inadequado
images/train/485.jpg,train,adequado
images/test/v22.jpg,test,adequado
images/train/312.jpg,train,adequado
images/train/29.jpg,train,adequado
images/valid/40.jpg,valid,inadequado
images/test/133.jpg,test,adequado
images/train/291.jpg,train,inadequado
images/train/1545.jpg,train,inadequado
images/train/1375.jpg,train,inadequado
images/train/568.jpg,train,inadequado
images/train/128.jpg,train,adequado
images/train/1173.jpg,train,inadequado
images/train/766.jpg,train,inadequado
images/train/428.jpg,train,inadequado
images/train/1056.jpg,train,inadequado
images/train/953.jpg,train,adequado
images/train/58.jpg,train,adequado
images/train/45.jpg,train,inadequado
images/train/309.jpg,train,inadequado
images/train/418.jpg,train,inadequado
images/train/106.jpg,train,adequado
images/valid/490.jpg,valid,inadequado
images/train/515.jpg,train,inadequado
images/train/177.jpg,train,adequado
images/test/v67.jpg,test,adequado
images/train/622.jpg,train,adequado
images/train/742.jpg,train,inadequado
images/train/881.jpg,train,adequado
images/valid/1420.jpg,valid,adequado
images/train/42.jpg,train,inadequado
images/train/341.jpg,train,inadequado
images/train/1013.jpg,train,inadequado
images/train/401.jpg,train,adequado
images/train/1041.jpg,train,inadequado
images/train/419.jpg,train,adequado
images/train/482.jpg,train,inadequado
images/train/1435.jpg,train,adequado
images/train/1129.jpg,train,adequado
images/train/473.jpg,train,inadequado
images/train/577.jpg,train,inadequado
images/train/735.jpg,train,adequado
images/train/298.jpg,train,inadequado
images/train/456.jpg,train,adequado
images/train/471.jpg,train,adequado
images/test/117.jpg,test,inadequado
images/train/1315.jpg,train,inadequado
images/train/406.jpg,train,adequado
images/train/1486.jpg,train,inadequado
images/train/1311.jpg,train,inadequado
images/test/52.jpg,test,inadequado
images/train/1167.jpg,train,inadequado
images/train/73.jpg,train,inadequado
images/train/274.jpg,train,adequado
images/train/308.jpg,train,adequado
images/train/175.jpg,train,adequado
images/train/1493.jpg,train,inadequado
images/train/205.jpg,train,adequado
images/train/116.jpg,train,adequado
images/train/523.jpg,train,adequado
images/train/181.jpg,train,adequado
images/train/1502.jpg,train,inadequado
images/train/615.jpg,train,inadequado
images/train/69.jpg,train,adequado
images/train/186.jpg,train,adequado
images/train/1519.jpg,train,inadequado
images/train/1543.jpg,train,inadequado
images/train/544.jpg,train,inadequado
images/train/595.jpg,train,adequado
images/train/1328.jpg,train,adequado
images/train/536.jpg,train,inadequado
images/train/495.jpg,train,inadequado
images/train/656.jpg,train,inadequado
images/train/529.jpg,train,adequado
images/train/269.jpg,train,inadequado
images/train/768.jpg,train,inadequado
images/valid/200.jpg,valid,adequado
images/train/1276.jpg,train,inadequado
images/train/557.jpg,train,adequado
images/train/125.jpg,train,adequado
images/train/1523.jpg,train,adequado
images/train/765.jpg,train,adequado
images/valid/240.jpg,valid,adequado
images/train/574.jpg,train,inadequado
images/train/683.jpg,train,inadequado
images/train/1363.jpg,train,adequado
images/train/146.jpg,train,adequado
images/train/492.jpg,train,inadequado
images/train/122.jpg,train,inadequado
images/train/1012.jpg,train,adequado
images/train/1305.jpg,train,adequado
images/train/1512.jpg,train,adequado
images/train/635.jpg,train,adequado
images/train/408.jpg,train,inadequado
images/train/1408.jpg,train,adequado
images/train/802.jpg,train,adequado
images/train/47.jpg,train,adequado
images/train/555.jpg,train,inadequado
images/train/1151.jpg,train,adequado
images/test/95.jpg,test,adequado
images/train/1095.jpg,train,inadequado
images/train/1304.jpg,train,inadequado
images/train/255.jpg,train,adequado
images/train/307.jpg,train,adequado
images/train/678.jpg,train,inadequado
images/train/201.jpg,train,adequado
images/train/1175.jpg,train,adequado
images/train/135.jpg,train,adequado
images/train/592.jpg,train,adequado
images/train/669.jpg,train,inadequado
images/test/73.jpg,test,adequado
images/train/528.jpg,train,inadequado
images/train/575.jpg,train,adequado
images/train/28.jpg,train,adequado
images/train/812.jpg,train,inadequado
images/train/954.jpg,train,inadequado
images/train/207.jpg,train,adequado
images/train/242.jpg,train,inadequado
images/train/1001.jpg,train,inadequado
images/train/746.jpg,train,adequado
images/train/453.jpg,train,adequado
images/train/236.jpg,train,inadequado
images/train/789.jpg,train,inadequado
images/train/1359.jpg,train,adequado
images/train/483.jpg,train,adequado
images/train/1262.jpg,train,adequado
images/train/225.jpg,train,adequado
images/valid/730.jpg,valid,adequado
images/train/289.jpg,train,adequado
images/train/458.jpg,train,inadequado
images/train/253.jpg,train,adequado
images/train/661.jpg,train,adequado
images/train/235.jpg,train,inadequado
images/test/v42.jpg,test,inadequado
images/train/894.jpg,train,adequado
images/train/1145.jpg,train,adequado
images/train/506.jpg,train,adequado
images/train/367.jpg,train,adequado
images/train/1414.jpg,train,adequado
images/train/726.jpg,train,adequado
images/train/687.jpg,train,adequado
images/train/1004.jpg,train,adequado
images/valid/1440.jpg,valid,adequado
images/train/975.jpg,train,adequado
images/train/1534.jpg,train,adequado
images/train/67.jpg,train,inadequado
images/train/866.jpg,train,inadequado
images/train/516.jpg,train,adequado
images/train/328.jpg,train,inadequado
images/train/512.jpg,train,adequado
images/test/40.jpg,test,adequado
images/train/1224.jpg,train,adequado
images/train/1079.jpg,train,adequado
images/valid/1140.jpg,valid,inadequado
images/train/814.jpg,train,adequado
images/valid/1350.jpg,valid,inadequado
images/valid/990.jpg,valid,inadequado
images/train/1057.jpg,train,inadequado
images/train/299.jpg,train,adequado
images/valid/670.jpg,valid,inadequado
images/train/44.jpg,train,inadequado
images/test/51.jpg,test,inadequado
images/train/34.jpg,train,inadequado
images/train/19.jpg,train,adequado
images/test/v31.jpg,test,adequado
images/train/293.jpg,train,adequado
images/train/438.jpg,train,inadequado
images/train/1404.jpg,train,adequado
images/train/1049.jpg,train,adequado
images/train/1468.jpg,train,adequado
images/train/245.jpg,train,inadequado
images/train/337.jpg,train,inadequado
images/train/565.jpg,train,inadequado
images/train/142.jpg,train,adequado
images/train/1467.jpg,train,adequado
images/train/586.jpg,train,inadequado
images/train/108.jpg,train,inadequado
images/train/405.jpg,train,inadequado
images/train/1223.jpg,train,adequado
images/test/v63.jpg,test,inadequado
images/test/26.jpg,test,adequado
images/train/1521.jpg,train,adequado
images/train/465.jpg,train,adequado
images/train/301.jpg,train,adequado
images/train/137.jpg,train,adequado
images/train/1051.jpg,train,inadequado
images/train/466.jpg,train,inadequado
images/train/1365.jpg,train,adequado
images/train/1335.jpg,train,adequado
images/valid/510.jpg,valid,inadequado
images/train/1319.jpg,train,adequado
images/train/896.jpg,train,inadequado
images/train/77.jpg,train,inadequado
images/train/345.jpg,train,inadequado
images/train/1212.jpg,train,adequado
images/train/1442.jpg,train,inadequado
images/train/353.jpg,train,adequado
images/train/368.jpg,train,adequado
images/train/251.jpg,train,inadequado
images/train/1086.jpg,train,inadequado
images/train/1263.jpg,train,inadequado
images/train/503.jpg,train,inadequado
images/train/1306.jpg,train,inadequado
images/train/755.jpg,train,adequado
images/train/817.jpg,train,adequado
images/valid/110.jpg,valid,adequado
images/train/1074.jpg,train,adequado
images/train/741.jpg,train,adequado
images/train/1308.jpg,train,inadequado
images/valid/60.jpg,valid,inadequado
images/test/156.jpg,test,inadequado
images/train/772.jpg,train,inadequado
images/train/497.jpg,train,adequado
images/train/753.jpg,train,inadequado
images/train/527.jpg,train,inadequado
images/train/1549.jpg,train,adequado
images/train/929.jpg,train,adequado
images/train/1269.jpg,train,inadequado
images/train/304.jpg,train,inadequado
images/train/1008.jpg,train,inadequado
images/train/1091.jpg,train,inadequado
images/train/185.jpg,train,inadequado
images/valid/820.jpg,valid,adequado
images/train/924.jpg,train,inadequado
images/train/1106.jpg,train,adequado
images/test/34.jpg,test,adequado
images/test/158.jpg,test,adequado
images/train/658.jpg,train,inadequado
images/train/158.jpg,train,inadequado
images/train/923.jpg,train,inadequado
images/train/1428.jpg,train,adequado
images/train/323.jpg,train,inadequado
images/train/1443.jpg,train,adequado
images/train/863.jpg,train,inadequado
images/train/196.jpg,train,adequado
images/train/176.jpg,train,adequado
images/test/v59.jpg,test,adequado
images/test/33.jpg,test,adequado
images/train/1221.jpg,train,inadequado
images/train/1238.jpg,train,adequado
images/test/v48.jpg,test,adequado
images/train/1278.jpg,train,inadequado
images/train/1214.jpg,train,adequado
images/train/983.jpg,train,inadequado
images/train/233.jpg,train,inadequado
images/train/759.jpg,train,inadequado
images/train/992.jpg,train,adequado
images/train/1017.jpg,train,inadequado
images/train/964.jpg,train,adequado
images/train/877.jpg,train,adequado
images/train/239.jpg,train,inadequado
images/train/736.jpg,train,inadequado
images/train/203.jpg,train,adequado
images/train/378.jpg,train,inadequado
images/train/1513.jpg,train,inadequado
images/train/335.jpg,train,adequado
images/train/1274.jpg,train,inadequado
images/valid/1300.jpg,valid,adequado
images/train/659.jpg,train,adequado
images/train/1448.jpg,train,adequado
images/train/725.jpg,train,adequado
images/train/1152.jpg,train,inadequado
images/train/1206.jpg,train,adequado
images/train/777.jpg,train,inadequado
images/train/897.jpg,train,adequado
images/train/561.jpg,train,adequado
images/train/102.jpg,train,inadequado
images/train/115.jpg,train,adequado
images/train/559.jpg,train,inadequado
images/train/234.jpg,train,adequado
images/train/946.jpg,train,adequado
images/test/145.jpg,test,adequado
images/train/1271.jpg,train,inadequado
images/train/1501.jpg,train,adequado
images/train/263.jpg,train,adequado
images/train/996.jpg,train,adequado
images/train/143.jpg,train,inadequado
images/train/1547.jpg,train,inadequado
images/train/267.jpg,train,inadequado
images/train/694.jpg,train,adequado
images/train/781.jpg,train,adequado
images/test/56.jpg,test,adequado
images/train/971.jpg,train,inadequado
images/train/48.jpg,train,inadequado
images/train/1169.jpg,train,adequado
images/train/893.jpg,train,adequado
images/train/1082.jpg,train,adequado
images/train/842.jpg,train,adequado
images/train/809.jpg,train,inadequado
images/train/1517.jpg,train,adequado
images/train/79.jpg,train,adequado
images/train/1247.jpg,train,adequado
images/train/448.jpg,train,adequado
images/train/1494.jpg,train,inadequado
images/valid/1050.jpg,valid,adequado
images/train/1141.jpg,train,adequado
images/train/843.jpg,train,adequado
images/train/1142.jpg,train,adequado
images/train/1383.jpg,train,adequado
images/train/1166.jpg,train,adequado
images/train/663.jpg,train,inadequado
images/train/1118.jpg,train,inadequado
images/train/1325.jpg,train,inadequado
images/train/711.jpg,train,inadequado
images/train/652.jpg,train,adequado
images/train/599.jpg,train,adequado
images/train/821.jpg,train,adequado
images/train/1104.jpg,train,inadequado
images/train/1119.jpg,train,adequado
images/train/262.jpg,train,adequado
images/train/734.jpg,train,inadequado
images/train/811.jpg,train,adequado
images/train/1121.jpg,train,adequado
images/train/1457.jpg,train,adequado
images/train/227.jpg,train,inadequado
images/train/1393.jpg,train,adequado
images/train/132.jpg,train,adequado
images/train/619.jpg,train,adequado
images/train/98.jpg,train,adequado
images/train/762.jpg,train,adequado
images/valid/1470.jpg,valid,adequado
images/train/204.jpg,train,adequado
images/train/554.jpg,train,inadequado
images/train/161.jpg,train,inadequado
images/train/421.jpg,train,adequado
images/train/1005.jpg,train,adequado
images/train/398.jpg,train,adequado
images/train/134.jpg,train,adequado
images/train/1449.jpg,train,adequado
images/train/608.jpg,train,adequado
images/train/454.jpg,train,inadequado
images/train/1343.jpg,train,adequado
images/train/1497.jpg,train,adequado
images/test/v82.jpg,test,inadequado
images/train/1031.jpg,train,inadequado
images/train/731.jpg,train,inadequado
images/train/96.jpg,train,inadequado
images/train/1105.jpg,train,inadequado
images/train/1202.jpg,train,adequado
images/train/751.jpg,train,adequado
images/train/53.jpg,train,inadequado
images/train/1156.jpg,train,adequado
images/train/1524.jpg,train,inadequado
images/train/57.jpg,train,adequado
images/test/1.jpg,test,adequado
images/train/1378.jpg,train,adequado
images/test/41.jpg,test,inadequado
images/train/129.jpg,train,adequado
images/train/541.jpg,train,adequado
images/test/v43.jpg,test,adequado
images/train/1399.jpg,train,adequado
images/train/1522.jpg,train,inadequado
images/train/1225.jpg,train,inadequado
images/train/315.jpg,train,adequado
images/valid/660.jpg,valid,inadequado
images/train/446.jpg,train,inadequado
images/train/1126.jpg,train,adequado
images/train/1203.jpg,train,adequado
images/train/948.jpg,train,adequado
images/train/963.jpg,train,inadequado
images/valid/1020.jpg,valid,inadequado
images/train/1112.jpg,train,adequado
images/test/96.jpg,test,adequado
images/train/579.jpg,train,adequado
images/train/463.jpg,train,inadequado
images/train/489.jpg,train,inadequado
images/train/346.jpg,train,adequado
images/train/505.jpg,train,adequado
images/train/974.jpg,train,adequado
images/test/v52.jpg,test,adequado
images/train/1195.jpg,train,inadequado
images/train/1394.jpg,train,inadequado
images/train/455.jpg,train,adequado
images/valid/910.jpg,valid,inadequado
images/train/151.jpg,train,adequado
images/train/591.jpg,train,inadequado
images/train/804.jpg,train,inadequado
images/train/793.jpg,train,inadequado
images/valid/570.jpg,valid,inadequado
images/train/1273.jpg,train,adequado
images/test/132.jpg,test,inadequado
images/train/145.jpg,train,adequado
images/train/617.jpg,train,adequado
images/train/995.jpg,train,adequado
images/train/189.jpg,train,adequado
images/train/15.jpg,train,adequado
images/train/675.jpg,train,inadequado
images/test/109.jpg,test,adequado
images/train/297.jpg,train,inadequado
images/train/1065.jpg,train,adequado
images/train/114.jpg,train,inadequado
images/train/148.jpg,train,adequado
images/train/1122.jpg,train,adequado
images/train/917.jpg,train,inadequado
images/valid/280.jpg,valid,adequado
images/train/1147.jpg,train,adequado
images/train/1015.jpg,train,inadequado
images/test/v70.jpg,test,inadequado
images/train/83.jpg,train,inadequado
images/train/1484.jpg,train,adequado
images/train/758.jpg,train,inadequado
images/train/829.jpg,train,adequado
images/train/1044.jpg,train,inadequado
images/train/313.jpg,train,adequado
images/train/1133.jpg,train,inadequado
images/train/1472.jpg,train,adequado
images/train/152.jpg,train,adequado
images/train/1249.jpg,train,adequado
images/train/547.jpg,train,inadequado
images/train/682.jpg,train,adequado
images/train/52.jpg,train,adequado
images/train/386.jpg,train,inadequado
images/test/v74.jpg,test,adequado
images/valid/10.jpg,valid,adequado
images/test/55.jpg,test,inadequado
images/train/258.jpg,train,adequado
images/valid/380.jpg,valid,adequado
images/train/1423.jpg,train,adequado
images/valid/1320.jpg,valid,adequado
images/test/115.jpg,test,adequado
images/test/163.jpg,test,adequado
images/train/1445.jpg,train,adequado
images/train/488.jpg,train,inadequado
images/train/867.jpg,train,inadequado
images/train/704.jpg,train,inadequado
images/train/1341.jpg,train,adequado
images/train/749.jpg,train,adequado
images/train/596.jpg,train,adequado
images/train/976.jpg,train,adequado
images/train/1264.jpg,train,adequado
images/train/1259.jpg,train,inadequado
images/test/135.jpg,test,adequado
images/train/714.jpg,train,adequado
images/test/125.jpg,test,adequado
images/train/1143.jpg,train,adequado
images/train/618.jpg,train,inadequado
images/valid/720.jpg,valid,adequado
images/train/1177.jpg,train,adequado
images/train/1506.jpg,train,inadequado
images/train/112.jpg,train,adequado
images/train/1503.jpg,train,adequado
images/train/249.jpg,train,adequado
images/train/365.jpg,train,inadequado
images/train/1231.jpg,train,adequado
images/train/104.jpg,train,adequado
images/train/623.jpg,train,inadequado
images/train/284.jpg,train,adequado
images/train/851.jpg,train,adequado
images/train/1002.jpg,train,adequado
images/train/71.jpg,train,inadequado
images/test/159.jpg,test,adequado
images/train/728.jpg,train,inadequado
images/train/1333.jpg,train,adequado
images/test/129.jpg,test,inadequado
images/train/387.jpg,train,adequado
images/test/v76.jpg,test,inadequado
images/test/174.jpg,test,inadequado
images/train/933.jpg,train,inadequado
images/train/231.jpg,train,adequado
images/train/905.jpg,train,adequado
images/train/1219.jpg,train,inadequado
images/train/662.jpg,train,inadequado
images/train/1368.jpg,train,adequado
images/test/128.jpg,test,inadequado
images/train/648.jpg,train,adequado
images/train/157.jpg,train,adequado
images/valid/50.jpg,valid,adequado
images/valid/540.jpg,valid,inadequado
images/train/1007.jpg,train,inadequado
images/train/552.jpg,train,adequado
images/train/1326.jpg,train,adequado
images/train/513.jpg,train,adequado
images/train/221.jpg,train,inadequado
images/test/v98.jpg,test,adequado
images/test/v60.png,test,adequado
images/train/937.jpg,train,adequado
images/test/140.jpg,test,inadequado
images/test/v13.jpg,test,adequado
images/test/107.jpg,test,adequado
images/train/723.jpg,train,inadequado
images/valid/1180.jpg,valid,inadequado
images/train/1236.jpg,train,inadequado
images/valid/520.jpg,valid,inadequado
images/train/1024.jpg,train,adequado
images/train/757.jpg,train,adequado
images/train/1527.jpg,train,adequado
images/train/707.jpg,train,adequado
images/train/581.jpg,train,adequado
images/train/845.jpg,train,adequado
images/train/403.jpg,train,inadequado
images/train/41.jpg,train,adequado
images/train/1132.jpg,train,adequado
images/train/846.jpg,train,adequado
images/test/v85.jpg,test,adequado
images/valid/1150.jpg,valid,adequado
images/test/21.jpg,test,adequado
images/train/133.jpg,train,inadequado
images/train/91.jpg,train,inadequado
images/train/1316.jpg,train,inadequado
images/train/1226.jpg,train,inadequado
images/train/1097.jpg,train,inadequado
images/test/116.jpg,test,adequado
images/train/1188.jpg,train,inadequado
images/train/633.jpg,train,adequado
images/train/666.jpg,train,adequado
images/train/1286.jpg,train,inadequado
images/train/363.jpg,train,adequado
images/train/439.jpg,train,inadequado
images/train/82.jpg,train,adequado
images/train/499.jpg,train,inadequado
images/train/822.jpg,train,inadequado
images/test/10.jpg,test,adequado
images/train/156.jpg,train,adequado
images/train/727.jpg,train,adequado
images/test/v77.jpg,test,inadequado
images/valid/970.jpg,valid,adequado
images/train/1518.jpg,train,inadequado
images/test/v92.jpg,test,adequado
images/train/16.jpg,train,inadequado
images/train/1295.jpg,train,inadequado
images/train/562.jpg,train,inadequado
images/train/941.jpg,train,inadequado
images/train/432.jpg,train,adequado
images/train/645.jpg,train,inadequado
images/train/967.jpg,train,adequado
images/train/1447.jpg,train,adequado
images/train/264.jpg,train,inadequado
images/valid/470.jpg,valid,inadequado
images/train/785.jpg,train,inadequado
images/train/1444.jpg,train,adequado
images/train/1137.jpg,train,adequado
images/train/166.jpg,train,adequado
images/train/443.jpg,train,inadequado
images/train/266.jpg,train,adequado
images/test/45.jpg,test,inadequado
images/test/v84.jpg,test,inadequado
images/test/77.jpg,test,inadequado
images/train/1482.jpg,train,inadequado
images/train/1116.jpg,train,adequado
images/test/154.jpg,test,inadequado
images/test/14.jpg,test,inadequado
images/train/285.jpg,train,inadequado
images/valid/1230.jpg,valid,inadequado
images/train/1461.jpg,train,adequado
images/train/764.jpg,train,adequado
images/valid/130.jpg,valid,adequado
images/train/935.jpg,train,adequado
images/train/171.jpg,train,adequado
images/train/399.jpg,train,adequado
images/train/569.jpg,train,inadequado
images/train/1337.jpg,train,adequado
images/test/v94.jpg,test,inadequado
images/valid/680.jpg,valid,adequado
images/train/717.jpg,train,adequado
images/train/1353.jpg,train,adequado
images/train/925.jpg,train,adequado
images/train/872.jpg,train,inadequado
images/train/1148.jpg,train,adequado
images/train/952.jpg,train,adequado
images/valid/1200.jpg,valid,inadequado
images/valid/170.jpg,valid,inadequado
images/train/164.jpg,train,inadequado
images/train/997.jpg,train,adequado
images/train/1441.jpg,train,adequado
images/train/348.jpg,train,adequado
images/train/487.jpg,train,adequado
images/valid/nd_183.jpg,valid,adequado
images/train/nd_634.jpg,train,inadequado
images/train/nd_324.jpg,train,adequado
images/train/nd_489.jpg,train,inadequado
images/train/nd_956.jpg,train,inadequado
images/train/nd_394.jpg,train,adequado
images/train/nd_204.jpg,train,inadequado
images/train/nd_249.jpg,train,adequado
images/train/nd_480.jpg,train,inadequado
images/train/nd_621.jpg,train,inadequado
images/train/nd_948.jpg,train,inadequado
images/test/nd_75.jpg,test,adequado
images/train/nd_437.jpg,train,adequado
images/test/nd_34.jpg,test,adequado
images/train/nd_393.jpg,train,inadequado
images/train/nd_724.jpg,train,adequado
images/train/nd_596.jpg,train,inadequado
images/train/nd_167.jpg,train,inadequado
images/test/122.jpg,test,adequado
images/train/nd_181.jpg,train,inadequado
images/train/nd_222.jpg,train,inadequado
images/train/nd_512.jpg,train,adequado
images/train/nd_795.jpg,train,adequado
images/test/nd_270.jpg,test,adequado
images/train/nd_455.jpg,train,inadequado
images/test/nd_105.jpg,test,adequado
images/train/nd_265.jpg,train,adequado
images/valid/nd_818.jpg,valid,adequado
images/train/nd_209.jpg,train,inadequado
images/train/nd_375.jpg,train,inadequado
images/train/nd_747.jpg,train,inadequado
images/valid/nd_231.jpg,valid,inadequado
images/test/nd_971.jpg,test,inadequado
images/train/nd_604.jpg,train,inadequado
images/train/1211.jpg,train,adequado
images/valid/nd_750.jpg,valid,adequado
images/train/nd_291.jpg,train,adequado
images/valid/nd_785.jpg,valid,adequado
images/train/nd_110.jpg,train,adequado
images/train/nd_354.jpg,train,adequado
images/train/nd_46.jpg,train,adequado
images/test/nd_27.jpg,test,adequado
images/train/nd_254.jpg,train,inadequado
images/train/nd_308.jpg,train,inadequado
images/train/nd_965.jpg,train,inadequado
images/train/nd_1024.jpg,train,adequado
images/train/nd_740.jpg,train,inadequado
images/train/nd_779.jpg,train,inadequado
images/train/nd_337.jpg,train,adequado
images/train/nd_432.jpg,train,adequado
images/valid/nd_713.jpg,valid,adequado
images/train/563.jpg,train,inadequado
images/test/nd_2.jpg,test,inadequado
images/train/nd_24.jpg,train,adequado
images/train/nd_622.jpg,train,adequado
images/valid/nd_999.jpg,valid,inadequado
images/test/nd_834.jpg,test,adequado
images/train/nd_188.jpg,train,inadequado
images/train/nd_284.jpg,train,adequado
images/train/nd_192.jpg,train,inadequado
images/train/nd_448.jpg,train,adequado
images/train/806.jpg,train,inadequado
images/train/1066.jpg,train,adequado
images/test/nd_446.jpg,test,inadequado
images/train/nd_538.jpg,train,adequado
images/train/1514.jpg,train,inadequado
images/test/53.jpg,test,adequado
images/test/nd_59.jpg,test,inadequado
images/train/nd_171.jpg,train,adequado
images/train/nd_862.jpg,train,adequado
images/train/nd_736.jpg,train,adequado
images/train/nd_786.jpg,train,adequado
images/train/nd_854.jpg,train,inadequado
images/train/nd_847.jpg,train,adequado
images/train/nd_386.jpg,train,adequado
images/train/nd_741.jpg,train,inadequado
images/test/nd_91.jpg,test,adequado
images/test/nd_777.jpg,test,adequado
images/train/nd_246.jpg,train,adequado
images/train/nd_416.jpg,train,inadequado
images/valid/nd_444.jpg,valid,inadequado
images/train/nd_179.jpg,train,adequado
images/train/nd_499.jpg,train,inadequado
images/train/nd_898.jpg,train,inadequado
images/train/nd_321.jpg,train,adequado
images/train/nd_90.jpg,train,adequado
images/train/nd_281.jpg,train,adequado
images/train/nd_696.jpg,train,adequado
images/train/nd_205.jpg,train,adequado
images/valid/nd_955.jpg,valid,adequado
images/train/nd_351.jpg,train,adequado
images/train/nd_51.jpg,train,adequado
images/train/nd_40.jpg,train,adequado
images/train/nd_319.jpg,train,inadequado
images/train/nd_6.jpg,train,inadequado
images/train/nd_609.jpg,train,inadequado
images/train/nd_203.jpg,train,inadequado
images/train/nd_579.jpg,train,adequado
images/test/nd_962.jpg,test,inadequado
images/train/nd_165.jpg,train,adequado
images/train/nd_698.jpg,train,inadequado
images/train/nd_22.jpg,train,inadequado
images/train/nd_892.jpg,train,inadequado
images/train/nd_904.jpg,train,inadequado
images/train/123.jpg,train,adequado
images/train/nd_884.jpg,train,adequado
images/train/nd_647.jpg,train,adequado
images/train/nd_631.jpg,train,adequado
images/train/325.jpg,train,adequado
images/valid/nd_371.jpg,valid,inadequado
images/train/nd_103.jpg,train,adequado
images/train/nd_357.jpg,train,adequado
images/train/nd_542.jpg,train,adequado
images/train/nd_794.jpg,train,adequado
images/train/nd_685.jpg,train,inadequado
images/train/nd_4.jpg,train,inadequado
images/train/nd_983.jpg,train,inadequado
images/train/nd_82.jpg,train,adequado
images/train/nd_645.jpg,train,inadequado
images/valid/nd_216.jpg,valid,inadequado
images/train/nd_1043.jpg,train,adequado
images/train/nd_78.jpg,train,adequado
images/train/nd_979.jpg,train,inadequado
images/train/nd_918.jpg,train,inadequado
images/train/nd_307.jpg,train,inadequado
images/train/nd_33.jpg,train,adequado
images/test/nd_343.jpg,test,inadequado
images/train/nd_460.jpg,train,adequado
images/train/nd_458.jpg,train,adequado
images/train/1336.jpg,train,inadequado
images/train/nd_83.jpg,train,adequado
images/train/nd_453.jpg,train,inadequado
images/train/nd_972.jpg,train,inadequado
images/train/nd_122.jpg,train,adequado
images/train/nd_788.jpg,train,inadequado
images/train/nd_964.jpg,train,adequado
images/train/nd_109.jpg,train,adequado
images/test/nd_404.jpg,test,inadequado
images/train/nd_860.jpg,train,adequado
images/train/nd_990.jpg,train,inadequado
images/train/nd_403.jpg,train,adequado
images/test/v90.jpg,test,adequado
images/train/nd_423.jpg,train,adequado
images/train/nd_315.jpg,train,adequado
images/test/49.jpg,test,adequado
images/valid/nd_791.jpg,valid,inadequado
images/train/1478.jpg,train,adequado
images/train/nd_559.jpg,train,inadequado
images/train/nd_137.jpg,train,adequado
images/train/nd_298.jpg,train,adequado
images/train/nd_607.jpg,train,inadequado
images/train/1489.jpg,train,inadequado
images/valid/nd_753.jpg,valid,inadequado
images/train/nd_407.jpg,train,adequado
images/train/nd_223.jpg,train,inadequado
images/test/nd_835.jpg,test,adequado
images/train/nd_116.jpg,train,inadequado
images/train/nd_470.jpg,train,inadequado
images/valid/nd_799.jpg,valid,inadequado
images/train/nd_467.jpg,train,adequado
images/train/nd_727.jpg,train,inadequado
images/test/nd_218.jpg,test,adequado
images/valid/900.jpg,valid,adequado
images/train/nd_482.jpg,train,inadequado
images/train/nd_657.jpg,train,adequado
images/test/nd_106.jpg,test,adequado
images/train/nd_175.jpg,train,adequado
images/train/nd_113.jpg,train,adequado
images/train/nd_272.jpg,train,adequado
images/valid/nd_763.jpg,valid,adequado
images/train/nd_769.jpg,train,inadequado
images/train/nd_755.jpg,train,adequado
images/test/nd_690.jpg,test,adequado
images/train/nd_436.jpg,train,inadequado
images/train/nd_908.jpg,train,adequado
images/train/nd_162.jpg,train,inadequado
images/train/nd_694.jpg,train,inadequado
images/train/nd_412.jpg,train,inadequado
images/train/nd_843.jpg,train,inadequado
images/test/nd_789.jpg,test,inadequado
images/train/nd_243.jpg,train,adequado
images/test/nd_953.jpg,test,inadequado
images/train/74.jpg,train,adequado
images/test/nd_856.jpg,test,inadequado
images/train/nd_74.jpg,train,adequado
images/train/nd_525.jpg,train,adequado
images/train/nd_355.jpg,train,adequado
images/train/nd_565.jpg,train,inadequado
images/train/nd_95.jpg,train,inadequado
images/train/nd_450.jpg,train,inadequado
images/valid/nd_534.jpg,valid,adequado
images/test/nd_798.jpg,test,adequado
images/train/nd_273.jpg,train,adequado
images/train/nd_87.jpg,train,adequado
images/test/nd_126.jpg,test,adequado
images/train/nd_881.jpg,train,adequado
images/train/nd_219.jpg,train,adequado
images/valid/nd_809.jpg,valid,inadequado
images/valid/nd_675.jpg,valid,adequado
images/train/nd_652.jpg,train,inadequado
images/train/nd_640.jpg,train,inadequado
images/train/nd_261.jpg,train,inadequado
images/train/nd_826.jpg,train,adequado
images/train/nd_56.jpg,train,adequado
images/train/nd_878.jpg,train,adequado
images/train/nd_215.jpg,train,inadequado
images/train/397.jpg,train,adequado
images/train/nd_790.jpg,train,inadequado
images/train/nd_566.jpg,train,inadequado
images/valid/nd_619.jpg,valid,adequado
images/train/nd_600.jpg,train,inadequado
images/train/nd_733.jpg,train,adequado
images/test/nd_613.jpg,test,inadequado
images/test/v80.jpg,test,adequado
images/train/nd_184.jpg,train,adequado
images/train/nd_869.jpg,train,inadequado
images/train/657.jpg,train,adequado
images/train/nd_800.jpg,train,inadequado
images/train/nd_486.jpg,train,adequado
images/train/nd_399.jpg,train,adequado
images/test/nd_730.jpg,test,adequado
images/train/1062.jpg,train,adequado
images/train/nd_523.jpg,train,adequado
images/train/nd_304.jpg,train,adequado
images/train/nd_919.jpg,train,adequado
images/train/nd_127.jpg,train,adequado
images/train/nd_811.jpg,train,adequado
images/test/nd_968.jpg,test,inadequado
images/train/nd_65.jpg,train,inadequado
images/train/nd_63.jpg,train,inadequado
images/test/nd_28.jpg,test,inadequado
images/test/nd_294.jpg,test,inadequado
images/test/v33.jpg,test,adequado
images/train/nd_608.jpg,train,inadequado
images/train/nd_980.jpg,train,inadequado
images/train/nd_86.jpg,train,inadequado
images/valid/nd_547.jpg,valid,adequado
images/test/nd_947.jpg,test,adequado
images/train/nd_435.jpg,train,adequado
images/test/nd_388.jpg,test,adequado
images/train/nd_975.jpg,train,adequado
images/train/nd_1008.jpg,train,adequado
images/valid/1080.jpg,valid,adequado
images/train/nd_487.jpg,train,inadequado
images/train/831.jpg,train,adequado
images/train/nd_339.jpg,train,inadequado
images/train/nd_123.jpg,train,adequado
images/train/nd_269.jpg,train,adequado
images/train/nd_942.jpg,train,adequado
images/test/nd_802.jpg,test,inadequado
images/train/nd_728.jpg,train,adequado
images/train/nd_201.jpg,train,inadequado
images/train/nd_661.jpg,train,adequado
images/train/nd_591.jpg,train,adequado
images/test/nd_266.jpg,test,adequado
images/train/nd_1038.jpg,train,inadequado
images/train/nd_543.jpg,train,inadequado
images/train/nd_821.jpg,train,adequado
images/train/nd_257.jpg,train,inadequado
images/train/nd_451.jpg,train,adequado
images/train/nd_309.jpg,train,adequado
images/train/nd_236.jpg,train,adequado
images/test/nd_982.jpg,test,inadequado
images/train/nd_333.jpg,train,adequado
images/train/nd_1040.jpg,train,adequado
images/train/nd_850.jpg,train,adequado
images/train/nd_873.jpg,train,adequado
images/valid/nd_569.jpg,valid,inadequado
images/test/nd_642.jpg,test,adequado
images/train/nd_595.jpg,train,adequado
images/train/nd_159.jpg,train,inadequado
images/train/118.jpg,train,adequado
images/train/nd_848.jpg,train,adequado
images/valid/160.jpg,valid,inadequado
images/train/nd_200.jpg,train,inadequado
images/train/nd_739.jpg,train,inadequado
images/train/nd_149.jpg,train,inadequado
images/valid/690.jpg,valid,adequado
images/train/nd_26.jpg,train,inadequado
images/train/nd_581.jpg,train,inadequado
images/train/nd_992.jpg,train,adequado
images/train/nd_618.jpg,train,adequado
images/train/nd_370.jpg,train,adequado
images/train/834.jpg,train,adequado
images/train/nd_684.jpg,train,adequado
images/test/v53.jpg,test,adequado
images/train/1288.jpg,train,adequado
images/test/90.jpg,test,adequado
images/train/nd_573.jpg,train,adequado
images/train/nd_275.jpg,train,adequado
images/train/nd_838.jpg,train,adequado
images/valid/nd_420.jpg,valid,inadequado
images/train/nd_711.jpg,train,adequado
images/train/nd_7.jpg,train,adequado
images/train/nd_227.jpg,train,adequado
images/train/nd_328.jpg,train,adequado
images/test/nd_720.jpg,test,adequado
images/train/nd_729.jpg,train,inadequado
images/train/nd_817.jpg,train,inadequado
images/train/nd_474.jpg,train,adequado
images/train/nd_413.jpg,train,adequado
images/train/nd_57.jpg,train,adequado
images/test/nd_837.jpg,test,inadequado
images/test/nd_411.jpg,test,inadequado
images/train/nd_213.jpg,train,adequado
images/valid/nd_9.jpg,valid,adequado
images/train/nd_346.jpg,train,adequado
images/train/nd_153.jpg,train,adequado
images/train/1469.jpg,train,inadequado
images/train/nd_154.jpg,train,adequado
images/train/nd_170.jpg,train,adequado
images/valid/nd_478.jpg,valid,inadequado
images/train/nd_353.jpg,train,inadequado
images/valid/nd_348.jpg,valid,adequado
images/train/nd_928.jpg,train,adequado
images/train/nd_141.jpg,train,adequado
images/train/nd_616.jpg,train,adequado
images/train/nd_158.jpg,train,adequado
images/train/nd_687.jpg,train,adequado
images/valid/nd_290.jpg,valid,inadequado
images/train/nd_189.jpg,train,adequado
images/train/nd_851.jpg,train,adequado
images/valid/nd_195.jpg,valid,adequado
images/train/nd_334.jpg,train,inadequado
images/valid/nd_820.jpg,valid,adequado
images/train/nd_710.jpg,train,inadequado
images/train/nd_639.jpg,train,adequado
images/train/nd_36.jpg,train,adequado
images/train/nd_374.jpg,train,adequado
images/train/nd_560.jpg,train,adequado
images/train/nd_830.jpg,train,adequado
images/train/1208.jpg,train,inadequado
images/train/nd_623.jpg,train,adequado
images/train/nd_114.jpg,train,adequado
images/train/nd_552.jpg,train,adequado
images/valid/nd_567.jpg,valid,adequado
images/train/nd_1015.jpg,train,adequado
images/train/nd_387.jpg,train,adequado
images/train/nd_72.jpg,train,inadequado
images/valid/nd_752.jpg,valid,inadequado
images/train/nd_429.jpg,train,adequado
images/train/nd_492.jpg,train,adequado
images/test/nd_651.jpg,test,inadequado
images/valid/nd_695.jpg,valid,adequado
images/train/nd_1020.jpg,train,adequado
images/train/nd_1047.jpg,train,inadequado
images/train/nd_190.jpg,train,adequado
images/train/nd_347.jpg,train,inadequado
images/train/nd_508.jpg,train,inadequado
images/train/nd_656.jpg,train,adequado
images/train/nd_242.jpg,train,adequado
images/train/nd_518.jpg,train,adequado
images/test/nd_196.jpg,test,adequado
images/valid/nd_428.jpg,valid,adequado
images/train/nd_410.jpg,train,adequado
images/train/nd_930.jpg,train,inadequado
images/train/nd_352.jpg,train,inadequado
images/train/nd_44.jpg,train,inadequado
images/train/nd_530.jpg,train,inadequado
images/train/nd_706.jpg,train,inadequado
images/train/nd_376.jpg,train,inadequado
images/train/nd_472.jpg,train,adequado
images/valid/nd_911.jpg,valid,adequado
images/train/nd_960.jpg,train,inadequado
images/train/nd_468.jpg,train,inadequado
images/train/nd_197.jpg,train,adequado
images/test/nd_318.jpg,test,adequado
images/train/nd_719.jpg,train,inadequado
images/train/nd_206.jpg,train,adequado
images/train/nd_612.jpg,train,inadequado
images/train/nd_628.jpg,train,adequado
images/train/nd_738.jpg,train,adequado
images/train/nd_901.jpg,train,adequado
images/train/nd_749.jpg,train,inadequado
images/valid/nd_937.jpg,valid,inadequado
images/test/nd_737.jpg,test,inadequado
images/train/nd_241.jpg,train,adequado
images/valid/nd_888.jpg,valid,inadequado
images/train/nd_433.jpg,train,adequado
images/train/nd_19.jpg,train,inadequado
images/train/nd_438.jpg,train,adequado
images/test/nd_271.jpg,test,adequado
images/valid/nd_168.jpg,valid,inadequado
images/train/nd_764.jpg,train,inadequado
images/train/1055.jpg,train,adequado
images/train/nd_140.jpg,train,inadequado
images/train/nd_378.jpg,train,adequado
images/train/nd_121.jpg,train,adequado
images/test/nd_775.jpg,test,inadequado
images/train/nd_245.jpg,train,inadequado
images/test/nd_1036.jpg,test,inadequado
images/train/nd_434.jpg,train,inadequado
images/train/nd_705.jpg,train,inadequado
images/train/nd_582.jpg,train,adequado
images/train/nd_940.jpg,train,adequado
images/train/nd_23.jpg,train,adequado
images/train/nd_943.jpg,train,adequado
images/train/nd_362.jpg,train,adequado
images/test/nd_466.jpg,test,adequado
images/train/nd_920.jpg,train,adequado
images/train/nd_949.jpg,train,inadequado
images/train/nd_85.jpg,train,inadequado
images/train/nd_301.jpg,train,inadequado
images/train/nd_507.jpg,train,adequado
images/train/nd_5.jpg,train,adequado
images/train/nd_173.jpg,train,adequado
images/valid/nd_934.jpg,valid,inadequado
images/train/nd_572.jpg,train,adequado
images/train/31.jpg,train,adequado
images/train/nd_951.jpg,train,inadequado
images/train/nd_350.jpg,train,inadequado
images/test/nd_638.jpg,test,adequado
images/train/14.jpg,train,adequado
images/train/nd_597.jpg,train,inadequado
images/test/nd_991.jpg,test,adequado
images/train/nd_177.jpg,train,adequado
images/train/nd_39.jpg,train,adequado
images/test/nd_400.jpg,test,inadequado
images/train/1193.jpg,train,inadequado
images/test/nd_683.jpg,test,adequado
images/train/nd_35.jpg,train,adequado
images/valid/nd_954.jpg,valid,adequado
images/train/nd_810.jpg,train,adequado
images/train/nd_865.jpg,train,inadequado
images/train/nd_64.jpg,train,inadequado
images/test/nd_151.jpg,test,adequado
images/train/nd_963.jpg,train,adequado
images/train/nd_84.jpg,train,inadequado
images/train/nd_782.jpg,train,adequado
images/train/nd_735.jpg,train,inadequado
images/train/nd_722.jpg,train,inadequado
images/train/nd_303.jpg,train,adequado
images/train/nd_797.jpg,train,adequado
images/test/nd_250.jpg,test,adequado
images/train/nd_359.jpg,train,inadequado
images/test/nd_624.jpg,test,inadequado
images/train/nd_1035.jpg,train,adequado
images/train/nd_602.jpg,train,adequado
images/train/nd_373.jpg,train,adequado
images/train/nd_465.jpg,train,inadequado
images/test/nd_704.jpg,test,adequado
images/train/542.jpg,train,adequado
images/train/nd_224.jpg,train,inadequado
images/train/nd_723.jpg,train,adequado
images/train/nd_264.jpg,train,adequado
images/train/nd_806.jpg,train,inadequado
images/train/nd_134.jpg,train,inadequado
images/test/nd_152.jpg,test,inadequado
images/train/nd_461.jpg,train,adequado
images/train/nd_396.jpg,train,adequado
images/valid/nd_842.jpg,valid,inadequado
images/train/nd_662.jpg,train,adequado
images/test/47.jpg,test,adequado
images/train/912.jpg,train,inadequado
images/train/nd_345.jpg,train,inadequado
images/valid/nd_549.jpg,valid,inadequado
images/train/nd_676.jpg,train,adequado
images/train/nd_148.jpg,train,inadequado
images/train/nd_641.jpg,train,adequado
images/train/nd_104.jpg,train,adequado
images/test/nd_296.jpg,test,adequado
images/train/nd_70.jpg,train,adequado
images/train/nd_327.jpg,train,inadequado
images/test/nd_882.jpg,test,adequado
images/test/nd_314.jpg,test,adequado
images/train/nd_256.jpg,train,adequado
images/train/nd_725.jpg,train,adequado
images/train/nd_332.jpg,train,adequado
images/train/nd_454.jpg,train,adequado
images/train/nd_610.jpg,train,adequado
images/test/nd_1034.jpg,test,adequado
images/train/nd_230.jpg,train,inadequado
images/train/212.jpg,train,inadequado
images/test/nd_225.jpg,test,adequado
images/train/nd_1021.jpg,train,adequado
images/train/nd_553.jpg,train,adequado
images/train/1463.jpg,train,adequado
images/train/1094.jpg,train,inadequado
images/train/nd_933.jpg,train,adequado
images/train/nd_519.jpg,train,inadequado
images/train/nd_871.jpg,train,adequado
images/train/nd_864.jpg,train,adequado
images/train/nd_611.jpg,train,adequado
images/train/nd_330.jpg,train,inadequado
images/train/nd_770.jpg,train,inadequado
images/train/nd_936.jpg,train,inadequado
images/train/nd_885.jpg,train,adequado
images/train/1321.jpg,train,inadequado
images/test/nd_463.jpg,test,adequado
images/valid/nd_186.jpg,valid,adequado
images/train/nd_42.jpg,train,inadequado
images/test/nd_496.jpg,test,inadequado
images/train/481.jpg,train,adequado
images/train/nd_767.jpg,train,adequado
images/train/nd_38.jpg,train,adequado
images/test/nd_147.jpg,test,adequado
images/test/nd_262.jpg,test,inadequado
images/train/nd_548.jpg,train,adequado
images/train/nd_341.jpg,train,inadequado
images/train/nd_389.jpg,train,adequado
images/train/nd_679.jpg,train,inadequado
images/valid/nd_208.jpg,valid,inadequado
images/train/nd_563.jpg,train,adequado
images/train/nd_670.jpg,train,adequado
images/train/nd_536.jpg,train,inadequado
images/train/nd_944.jpg,train,adequado
images/train/nd_267.jpg,train,adequado
images/train/nd_174.jpg,train,inadequado
images/train/nd_221.jpg,train,inadequado
images/train/nd_1012.jpg,train,adequado
images/train/nd_985.jpg,train,adequado
images/test/nd_673.jpg,test,adequado
images/train/nd_55.jpg,train,adequado
images/valid/890.jpg,valid,adequado
images/train/nd_945.jpg,train,inadequado
images/train/nd_61.jpg,train,adequado
images/valid/150.jpg,valid,adequado
images/train/nd_501.jpg,train,inadequado
images/train/nd_592.jpg,train,adequado
images/train/nd_654.jpg,train,adequado
images/train/nd_228.jpg,train,adequado
images/test/nd_768.jpg,test,inadequado
images/train/nd_258.jpg,train,inadequado
images/train/nd_714.jpg,train,adequado
images/train/nd_584.jpg,train,adequado
images/test/nd_986.jpg,test,inadequado
images/train/nd_666.jpg,train,inadequado
images/test/nd_372.jpg,test,adequado
images/valid/nd_961.jpg,valid,adequado
images/test/nd_603.jpg,test,adequado
images/train/551.jpg,train,adequado
images/train/1452.jpg,train,adequado
images/train/nd_561.jpg,train,inadequado
images/train/nd_176.jpg,train,inadequado
images/train/nd_876.jpg,train,inadequado
images/valid/nd_124.jpg,valid,adequado
images/train/nd_240.jpg,train,inadequado
images/test/nd_896.jpg,test,inadequado
images/train/nd_897.jpg,train,adequado
images/train/nd_994.jpg,train,inadequado
images/train/182.jpg,train,adequado
images/test/nd_50.jpg,test,inadequado
images/train/nd_510.jpg,train,adequado
images/train/nd_568.jpg,train,adequado
images/test/nd_54.jpg,test,adequado
images/train/nd_169.jpg,train,adequado
images/train/1089.jpg,train,adequado
images/test/nd_545.jpg,test,adequado
images/train/nd_229.jpg,train,adequado
images/train/nd_894.jpg,train,inadequado
images/train/nd_580.jpg,train,inadequado
images/train/nd_969.jpg,train,inadequado
images/test/nd_772.jpg,test,inadequado
images/train/nd_828.jpg,train,adequado
images/train/nd_514.jpg,train,inadequado
images/test/nd_263.jpg,test,inadequado
images/train/nd_322.jpg,train,inadequado
images/test/nd_875.jpg,test,adequado
images/test/nd_210.jpg,test,inadequado
images/train/nd_845.jpg,train,inadequado
images/train/nd_445.jpg,train,adequado
images/train/nd_89.jpg,train,adequado
images/test/nd_660.jpg,test,inadequado
images/train/nd_707.jpg,train,adequado
images/train/nd_546.jpg,train,adequado
images/valid/nd_129.jpg,valid,adequado
images/train/nd_98.jpg,train,adequado
images/train/nd_759.jpg,train,inadequado
images/train/nd_43.jpg,train,adequado
images/valid/nd_839.jpg,valid,inadequado
images/train/nd_844.jpg,train,adequado
images/train/nd_585.jpg,train,inadequado
images/train/nd_524.jpg,train,adequado
images/train/nd_541.jpg,train,inadequado
images/train/nd_469.jpg,train,adequado
images/train/nd_829.jpg,train,adequado
images/valid/nd_715.jpg,valid,adequado
images/train/nd_125.jpg,train,adequado
images/train/nd_781.jpg,train,adequado
images/train/nd_905.jpg,train,inadequado
images/train/nd_443.jpg,train,adequado
images/train/nd_637.jpg,train,adequado
images/valid/nd_658.jpg,valid,adequado
images/train/nd_663.jpg,train,adequado
images/train/nd_360.jpg,train,inadequado
images/train/nd_138.jpg,train,inadequado
images/train/926.jpg,train,adequado
images/train/773.jpg,train,adequado
images/train/nd_504.jpg,train,inadequado
images/valid/210.jpg,valid,adequado
images/test/nd_13.jpg,test,adequado
images/train/nd_699.jpg,train,inadequado
images/train/nd_966.jpg,train,adequado
images/train/722.jpg,train,adequado
images/train/nd_774.jpg,train,adequado
images/train/nd_587.jpg,train,inadequado
images/train/nd_293.jpg,train,adequado
images/train/nd_967.jpg,train,adequado
images/valid/nd_957.jpg,valid,adequado
images/train/nd_456.jpg,train,adequado
images/train/nd_995.jpg,train,adequado
images/train/nd_1014.jpg,train,adequado
images/train/nd_841.jpg,train,adequado
images/train/nd_877.jpg,train,adequado
images/train/nd_76.jpg,train,adequado
images/train/nd_627.jpg,train,adequado
images/train/nd_292.jpg,train,inadequado
images/test/nd_500.jpg,test,inadequado
images/train/nd_935.jpg,train,inadequado
images/train/nd_906.jpg,train,adequado
images/train/nd_562.jpg,train,inadequado
images/train/nd_252.jpg,train,inadequado
images/train/nd_349.jpg,train,adequado
images/train/nd_220.jpg,train,adequado
images/train/369.jpg,train,inadequado
images/train/nd_883.jpg,train,adequado
images/valid/nd_630.jpg,valid,inadequado
images/train/12.jpg,train,adequado
images/train/nd_952.jpg,train,inadequado
images/train/nd_305.jpg,train,inadequado
images/train/nd_191.jpg,train,inadequado
images/train/nd_276.jpg,train,adequado
images/train/nd_1017.jpg,train,adequado
images/train/nd_824.jpg,train,adequado
images/train/nd_989.jpg,train,inadequado
images/train/nd_502.jpg,train,adequado
images/train/nd_248.jpg,train,inadequado
images/train/nd_846.jpg,train,inadequado
images/valid/nd_119.jpg,valid,adequado
images/train/nd_498.jpg,train,inadequado
images/train/nd_336.jpg,train,adequado
images/train/nd_402.jpg,train,adequado
images/train/357.jpg,train,adequado
images/train/nd_926.jpg,train,inadequado
images/train/1419.jpg,train,adequado
images/train/nd_475.jpg,train,adequado
images/train/nd_709.jpg,train,adequado
images/train/nd_11.jpg,train,inadequado
images/train/nd_959.jpg,train,adequado
images/train/nd_866.jpg,train,inadequado
images/train/nd_1016.jpg,train,adequado
images/train/nd_605.jpg,train,inadequado
images/valid/nd_577.jpg,valid,adequado
images/train/nd_1037.jpg,train,adequado
images/train/nd_822.jpg,train,adequado
images/train/1163.jpg,train,adequado
images/valid/nd_931.jpg,valid,inadequado
images/test/nd_17.jpg,test,inadequado
images/train/nd_1031.jpg,train,adequado
images/train/nd_653.jpg,train,adequado
images/valid/nd_872.jpg,valid,inadequado
images/valid/nd_1001.jpg,valid,adequado
images/train/nd_900.jpg,train,adequado
images/train/22.jpg,train,adequado
images/train/nd_377.jpg,train,adequado
images/train/nd_599.jpg,train,adequado
images/train/nd_12.jpg,train,adequado
images/train/nd_924.jpg,train,inadequado
images/test/nd_364.jpg,test,inadequado
images/train/nd_1039.jpg,train,adequado
images/train/nd_917.jpg,train,inadequado
images/train/nd_286.jpg,train,inadequado
images/train/nd_187.jpg,train,adequado
images/valid/nd_780.jpg,valid,inadequado
images/train/nd_101.jpg,train,adequado
images/test/nd_771.jpg,test,inadequado
images/train/955.jpg,train,inadequado
images/test/nd_636.jpg,test,adequado
images/train/nd_115.jpg,train,inadequado
images/test/nd_383.jpg,test,adequado
images/train/nd_344.jpg,train,adequado
images/train/nd_987.jpg,train,adequado
images/train/nd_194.jpg,train,adequado
images/valid/nd_807.jpg,valid,inadequado
images/train/nd_923.jpg,train,adequado
images/valid/nd_1.jpg,valid,inadequado
images/train/nd_535.jpg,train,inadequado
images/train/nd_368.jpg,train,inadequado
images/train/nd_857.jpg,train,adequado
images/train/nd_247.jpg,train,inadequado
images/train/nd_890.jpg,train,adequado
images/train/nd_778.jpg,train,inadequado
images/train/nd_913.jpg,train,adequado
images/train/nd_915.jpg,train,adequado
images/train/nd_128.jpg,train,inadequado
images/test/nd_805.jpg,test,inadequado
images/train/nd_804.jpg,train,inadequado
images/valid/nd_102.jpg,valid,adequado
images/train/nd_700.jpg,train,adequado
images/train/nd_476.jpg,train,adequado
images/test/nd_976.jpg,test,adequado
images/train/nd_784.jpg,train,adequado
images/train/nd_80.jpg,train,adequado
images/train/nd_439.jpg,train,adequado
images/train/nd_773.jpg,train,inadequado
images/train/317.jpg,train,adequado
images/train/nd_513.jpg,train,adequado
images/train/nd_361.jpg,train,adequado
images/train/nd_635.jpg,train,adequado
images/train/1144.jpg,train,adequado
images/train/nd_537.jpg,train,inadequado
images/train/nd_25.jpg,train,adequado
images/valid/nd_53.jpg,valid,inadequado
images/valid/nd_29.jpg,valid,adequado
images/train/nd_946.jpg,train,inadequado
images/train/nd_47.jpg,train,adequado
images/train/nd_15.jpg,train,inadequado
images/train/nd_180.jpg,train,inadequado
images/train/nd_614.jpg,train,adequado
images/train/nd_464.jpg,train,inadequado
images/valid/nd_1011.jpg,valid,adequado
images/train/nd_485.jpg,train,inadequado
images/train/nd_758.jpg,train,inadequado
images/test/nd_274.jpg,test,adequado
images/train/nd_958.jpg,train,adequado
images/test/nd_667.jpg,test,adequado
images/train/nd_133.jpg,train,adequado
images/train/nd_58.jpg,train,adequado
images/valid/nd_540.jpg,valid,inadequado
images/train/nd_879.jpg,train,inadequado
images/train/nd_682.jpg,train,inadequado
images/train/nd_77.jpg,train,adequado
images/train/nd_278.jpg,train,adequado
images/train/362.jpg,train,inadequado
images/test/nd_71.jpg,test,adequado
images/test/nd_598.jpg,test,adequado
images/train/nd_45.jpg,train,adequado
images/train/nd_539.jpg,train,adequado
images/train/nd_323.jpg,train,inadequado
images/test/nd_503.jpg,test,inadequado
images/test/149.jpg,test,adequado
images/train/nd_902.jpg,train,adequado
images/train/nd_288.jpg,train,adequado
images/train/nd_421.jpg,train,adequado
images/train/nd_868.jpg,train,adequado
images/valid/nd_927.jpg,valid,adequado
images/train/nd_787.jpg,train,adequado
images/train/nd_118.jpg,train,inadequado
images/train/nd_522.jpg,train,adequado
images/valid/nd_172.jpg,valid,adequado
images/train/nd_88.jpg,train,adequado
images/valid/nd_509.jpg,valid,adequado
images/train/nd_793.jpg,train,adequado
images/train/nd_895.jpg,train,adequado
images/train/nd_867.jpg,train,inadequado
images/test/nd_160.jpg,test,inadequado
images/train/188.jpg,train,inadequado
images/train/nd_664.jpg,train,adequado
images/train/nd_277.jpg,train,adequado
images/train/nd_816.jpg,train,inadequado
images/train/nd_440.jpg,train,adequado
images/test/nd_217.jpg,test,adequado
images/test/nd_716.jpg,test,adequado
images/train/nd_529.jpg,train,inadequado
images/train/nd_473.jpg,train,inadequado
images/train/nd_1009.jpg,train,adequado
images/test/nd_594.jpg,test,inadequado
images/train/861.jpg,train,inadequado
images/train/nd_226.jpg,train,inadequado
images/train/nd_60.jpg,train,inadequado
images/test/nd_311.jpg,test,inadequado
images/train/nd_853.jpg,train,inadequado
images/train/nd_1051.jpg,train,inadequado
images/train/nd_680.jpg,train,inadequado
images/train/nd_255.jpg,train,adequado
images/train/nd_369.jpg,train,adequado
images/train/nd_452.jpg,train,adequado
images/train/nd_832.jpg,train,adequado
images/train/nd_859.jpg,train,adequado
images/test/nd_792.jpg,test,adequado
images/test/nd_99.jpg,test,adequado
images/test/nd_132.jpg,test,adequado
images/train/nd_395.jpg,train,inadequado
images/train/nd_925.jpg,train,inadequado
images/test/nd_981.jpg,test,adequado
images/train/nd_812.jpg,train,adequado
images/train/nd_69.jpg,train,adequado
images/train/nd_1044.jpg,train,adequado
images/valid/nd_356.jpg,valid,inadequado
images/train/nd_143.jpg,train,inadequado
images/train/nd_155.jpg,train,inadequado
images/test/nd_916.jpg,test,adequado
images/train/nd_107.jpg,train,inadequado
images/train/754.jpg,train,adequado
images/valid/nd_633.jpg,valid,adequado
images/test/nd_214.jpg,test,inadequado
images/train/nd_295.jpg,train,adequado
images/train/nd_746.jpg,train,inadequado
images/train/nd_237.jpg,train,adequado
images/train/nd_783.jpg,train,adequado
images/train/nd_886.jpg,train,adequado
images/train/nd_938.jpg,train,adequado
images/train/nd_528.jpg,train,inadequado
images/train/nd_646.jpg,train,adequado
images/test/nd_1028.jpg,test,inadequado
images/train/nd_331.jpg,train,adequado
images/valid/nd_570.jpg,valid,inadequado
images/train/nd_365.jpg,train,inadequado
images/train/nd_299.jpg,train,adequado
images/train/nd_751.jpg,train,inadequado
images/train/nd_415.jpg,train,adequado
images/train/nd_1042.jpg,train,adequado
images/test/nd_139.jpg,test,adequado
images/train/nd_531.jpg,train,adequado
images/train/nd_891.jpg,train,inadequado
images/train/nd_8.jpg,train,inadequado
images/test/nd_283.jpg,test,inadequado
images/train/nd_776.jpg,train,inadequado
images/train/nd_726.jpg,train,adequado
images/train/nd_941.jpg,train,inadequado
images/train/nd_193.jpg,train,inadequado
images/train/nd_808.jpg,train,adequado
images/test/nd_1030.jpg,test,adequado
images/train/38.jpg,train,adequado
images/test/nd_761.jpg,test,inadequado
images/test/nd_697.jpg,test,inadequado
images/train/nd_146.jpg,train,adequado
images/train/979.jpg,train,adequado
images/train/nd_506.jpg,train,adequado
images/test/v6.jpg,test,adequado
images/train/nd_233.jpg,train,inadequado
images/test/nd_910.jpg,test,inadequado
images/train/nd_615.jpg,train,inadequado
images/train/nd_840.jpg,train,inadequado
images/train/nd_762.jpg,train,adequado
images/test/nd_491.jpg,test,adequado
images/train/nd_1027.jpg,train,adequado
images/train/nd_163.jpg,train,inadequado
images/train/nd_823.jpg,train,inadequado
images/train/nd_1002.jpg,train,adequado
images/valid/810.jpg,valid,adequado
images/train/nd_629.jpg,train,adequado
images/train/nd_555.jpg,train,adequado
images/train/nd_803.jpg,train,inadequado
images/train/nd_554.jpg,train,adequado
images/test/nd_625.jpg,test,inadequado
images/train/nd_678.jpg,train,inadequado
images/train/nd_20.jpg,train,inadequado
images/train/nd_544.jpg,train,inadequado
images/train/nd_836.jpg,train,inadequado
images/valid/430.jpg,valid,adequado
images/train/1052.jpg,train,adequado
images/train/nd_1032.jpg,train,inadequado
images/train/nd_239.jpg,train,inadequado
images/test/nd_893.jpg,test,inadequado
images/train/nd_120.jpg,train,adequado
images/test/nd_329.jpg,test,adequado
images/train/nd_37.jpg,train,inadequado
images/train/nd_259.jpg,train,inadequado
images/test/nd_748.jpg,test,inadequado
images/train/nd_232.jpg,train,inadequado
images/valid/nd_300.jpg,valid,inadequado
images/train/nd_745.jpg,train,inadequado
images/train/nd_136.jpg,train,adequado
images/test/nd_576.jpg,test,inadequado
images/train/nd_731.jpg,train,inadequado
images/train/nd_488.jpg,train,adequado
images/train/nd_1010.jpg,train,inadequado
images/train/nd_648.jpg,train,adequado
images/valid/nd_515.jpg,valid,inadequado
images/train/nd_688.jpg,train,inadequado
images/train/nd_521.jpg,train,adequado
images/train/nd_358.jpg,train,adequado
images/train/nd_717.jpg,train,adequado
images/test/nd_425.jpg,test,inadequado
images/train/nd_406.jpg,train,adequado
images/train/nd_1000.jpg,train,adequado
images/train/nd_335.jpg,train,adequado
images/train/nd_556.jpg,train,inadequado
images/test/nd_870.jpg,test,adequado
images/train/nd_825.jpg,train,inadequado
images/train/nd_477.jpg,train,inadequado
images/train/nd_340.jpg,train,adequado
images/train/nd_144.jpg,train,inadequado
images/train/nd_766.jpg,train,inadequado
images/train/nd_289.jpg,train,inadequado
images/train/nd_338.jpg,train,adequado
images/train/nd_481.jpg,train,adequado
images/train/1257.jpg,train,adequado
images/train/nd_462.jpg,train,inadequado
images/train/nd_708.jpg,train,inadequado
images/train/nd_424.jpg,train,adequado
images/train/nd_459.jpg,train,inadequado
images/train/nd_302.jpg,train,inadequado
images/test/nd_861.jpg,test,adequado
images/train/934.jpg,train,inadequado
images/train/nd_100.jpg,train,inadequado
images/train/nd_575.jpg,train,inadequado
images/train/nd_81.jpg,train,inadequado
images/train/nd_997.jpg,train,adequado
images/train/nd_626.jpg,train,inadequado
images/train/nd_754.jpg,train,inadequado
images/train/nd_606.jpg,train,adequado
images/valid/nd_431.jpg,valid,adequado
images/train/nd_511.jpg,train,adequado
images/train/nd_907.jpg,train,adequado
images/train/nd_589.jpg,train,adequado
images/train/nd_702.jpg,train,inadequado
images/train/nd_655.jpg,train,adequado
images/train/nd_701.jpg,train,inadequado
images/train/nd_974.jpg,train,inadequado
images/train/nd_505.jpg,train,inadequado
images/train/nd_382.jpg,train,adequado
images/train/nd_855.jpg,train,adequado
images/train/nd_306.jpg,train,adequado
images/train/nd_457.jpg,train,adequado
images/train/nd_650.jpg,train,inadequado
images/test/nd_427.jpg,test,adequado
images/train/1191.jpg,train,inadequado
images/test/nd_320.jpg,test,adequado
images/train/nd_96.jpg,train,adequado
images/train/nd_744.jpg,train,adequado
images/train/nd_939.jpg,train,inadequado
images/train/nd_588.jpg,train,adequado
images/train/nd_703.jpg,train,adequado
images/test/nd_312.jpg,test,inadequado
images/train/nd_417.jpg,train,inadequado
images/train/857.jpg,train,adequado
images/train/nd_484.jpg,train,adequado
images/train/nd_397.jpg,train,inadequado
images/train/nd_430.jpg,train,inadequado
images/train/891.jpg,train,adequado
images/train/nd_92.jpg,train,adequado
images/train/nd_533.jpg,train,inadequado
images/train/nd_207.jpg,train,adequado
images/train/nd_988.jpg,train,adequado
images/train/nd_557.jpg,train,adequado
images/train/4.jpg,train,inadequado
images/train/nd_310.jpg,train,inadequado
images/train/nd_94.jpg,train,adequado
images/train/nd_558.jpg,train,inadequado
images/train/nd_111.jpg,train,adequado
images/train/nd_550.jpg,train,adequado
images/test/nd_677.jpg,test,inadequado
images/test/nd_1007.jpg,test,adequado
images/train/nd_385.jpg,train,adequado
images/train/nd_929.jpg,train,inadequado
images/train/nd_142.jpg,train,inadequado
images/train/nd_379.jpg,train,adequado
images/train/nd_135.jpg,train,inadequado
images/train/nd_68.jpg,train,adequado
images/train/nd_732.jpg,train,adequado
images/train/nd_30.jpg,train,inadequado
images/test/nd_734.jpg,test,inadequado
images/train/nd_447.jpg,train,inadequado
images/train/nd_449.jpg,train,adequado
images/valid/nd_108.jpg,valid,inadequado
images/train/nd_157.jpg,train,adequado
images/train/nd_178.jpg,train,adequado
images/train/1165.jpg,train,adequado
images/train/nd_21.jpg,train,inadequado
images/train/nd_526.jpg,train,inadequado
images/train/nd_234.jpg,train,inadequado
images/test/nd_574.jpg,test,adequado
images/valid/nd_145.jpg,valid,adequado
images/train/nd_516.jpg,train,inadequado
images/train/nd_586.jpg,train,inadequado
images/test/nd_62.jpg,test,inadequado
images/test/nd_14.jpg,test,inadequado
images/test/nd_583.jpg,test,adequado
images/train/nd_912.jpg,train,adequado
images/train/nd_1041.jpg,train,adequado
images/test/nd_760.jpg,test,inadequado
images/test/nd_363.jpg,test,adequado
images/train/nd_235.jpg,train,inadequado
images/train/nd_131.jpg,train,inadequado
images/train/nd_914.jpg,train,inadequado
images/valid/nd_212.jpg,valid,adequado
images/train/nd_665.jpg,train,adequado
images/test/nd_408.jpg,test,inadequado
images/train/nd_659.jpg,train,inadequado
images/train/nd_367.jpg,train,inadequado
images/valid/nd_409.jpg,valid,adequado
images/test/nd_889.jpg,test,adequado
images/train/nd_479.jpg,train,inadequado
images/valid/nd_970.jpg,valid,adequado
images/valid/nd_590.jpg,valid,adequado
images/train/nd_401.jpg,train,inadequado
images/train/nd_922.jpg,train,inadequado
images/train/nd_899.jpg,train,inadequado
images/train/nd_765.jpg,train,inadequado
images/valid/nd_998.jpg,valid,inadequado
images/train/nd_819.jpg,train,inadequado
images/train/nd_494.jpg,train,adequado
images/train/nd_649.jpg,train,inadequado
images/train/nd_342.jpg,train,inadequado
images/train/nd_282.jpg,train,inadequado
images/train/nd_390.jpg,train,adequado
images/train/nd_79.jpg,train,inadequado
images/train/nd_814.jpg,train,inadequado
images/train/nd_419.jpg,train,adequado
images/train/nd_593.jpg,train,inadequado
images/train/nd_693.jpg,train,adequado
images/test/nd_244.jpg,test,inadequado
images/test/v88.jpg,test,adequado
images/train/nd_617.jpg,train,inadequado
images/test/nd_16.jpg,test,adequado
images/train/1459.jpg,train,inadequado
images/train/nd_1018.jpg,train,adequado
images/train/nd_398.jpg,train,adequado
images/train/nd_712.jpg,train,inadequado
images/train/nd_442.jpg,train,adequado
images/train/nd_497.jpg,train,adequado
images/train/nd_161.jpg,train,inadequado
images/train/nd_532.jpg,train,inadequado
images/train/nd_422.jpg,train,adequado
images/train/nd_743.jpg,train,inadequado
images/train/nd_742.jpg,train,adequado
images/valid/nd_903.jpg,valid,inadequado
images/valid/nd_66.jpg,valid,adequado
images/train/159.jpg,train,adequado
images/test/nd_391.jpg,test,adequado
images/train/nd_813.jpg,train,adequado
images/train/nd_950.jpg,train,adequado
images/test/nd_279.jpg,test,adequado
images/test/nd_260.jpg,test,adequado
images/test/130.jpg,test,adequado
images/train/nd_1013.jpg,train,adequado
images/train/nd_632.jpg,train,adequado
images/train/nd_97.jpg,train,inadequado
images/train/nd_564.jpg,train,inadequado
images/train/nd_251.jpg,train,inadequado
images/train/nd_380.jpg,train,inadequado
images/train/nd_495.jpg,train,inadequado
images/train/nd_756.jpg,train,adequado
images/train/nd_815.jpg,train,adequado
images/test/nd_993.jpg,test,adequado
images/train/nd_202.jpg,train,adequado
images/train/nd_827.jpg,train,adequado
images/train/nd_253.jpg,train,adequado
images/test/nd_833.jpg,test,inadequado
images/test/nd_674.jpg,test,inadequado
images/test/nd_418.jpg,test,adequado
images/test/nd_117.jpg,test,adequado
images/train/nd_921.jpg,train,adequado
images/train/nd_887.jpg,train,adequado
images/train/1014.jpg,train,inadequado
images/train/nd_644.jpg,train,adequado
images/train/nd_551.jpg,train,adequado
images/test/nd_471.jpg,test,adequado
images/train/nd_721.jpg,train,adequado
images/train/nd_297.jpg,train,adequado
images/train/nd_31.jpg,train,adequado
images/train/nd_490.jpg,train,adequado
images/test/nd_156.jpg,test,inadequado
images/train/nd_852.jpg,train,adequado
images/train/nd_93.jpg,train,adequado
images/train/nd_199.jpg,train,inadequado
images/train/nd_381.jpg,train,adequado
images/train/nd_52.jpg,train,adequado
images/valid/nd_164.jpg,valid,inadequado
images/train/nd_67.jpg,train,inadequado
images/test/nd_571.jpg,test,inadequado
images/train/nd_366.jpg,train,inadequado
images/train/nd_880.jpg,train,inadequado
images/test/nd_849.jpg,test,inadequado
images/valid/nd_527.jpg,valid,inadequado
images/train/486.jpg,train,adequado
images/train/nd_392.jpg,train,inadequado
images/test/nd_441.jpg,test,inadequado
images/train/nd_285.jpg,train,adequado
images/train/nd_691.jpg,train,inadequado
images/test/nd_316.jpg,test,adequado
images/test/nd_681.jpg,test,adequado
images/train/nd_166.jpg,train,adequado
images/train/nd_238.jpg,train,adequado
images/train/nd_211.jpg,train,adequado
images/test/nd_325.jpg,test,inadequado
images/train/nd_643.jpg,train,inadequado
images/test/v68.jpg,test,adequado
images/train/1329.jpg,train,adequado
images/test/v1.jpg,test,adequado
images/valid/nd_932.jpg,valid,adequado
images/train/nd_198.jpg,train,inadequado
images/test/nd_182.jpg,test,inadequado
images/train/nd_280.jpg,train,adequado
images/train/nd_672.jpg,train,inadequado
images/train/nd_1046.jpg,train,adequado
images/train/nd_185.jpg,train,inadequado
images/train/nd_287.jpg,train,adequado
images/train/nd_1004.jpg,train,inadequado
images/train/nd_1025.jpg,train,adequado
images/train/nd_493.jpg,train,inadequado
images/train/nd_620.jpg,train,inadequado
images/train/nd_48.jpg,train,inadequado
images/test/nd_718.jpg,test,adequado
images/valid/nd_150.jpg,valid,inadequado
images/train/nd_909.jpg,train,adequado
images/train/nd_49.jpg,train,adequado
images/test/nd_426.jpg,test,adequado
images/train/dr_0851_jpg.rf.566f3a33ecbf64389e37df253cb889bb.jpg,train,inadequado
images/train/dr_0756_jpg.rf.bcb22145889d187c26dbd23aa747c706.jpg,train,inadequado
images/train/dr_0349_jpg.rf.a31aacb83e6b7249a99d4c6bb6533bb1.jpg,train,adequado
images/train/dr_0317_jpg.rf.d5d6cf81a402159c8941ae63a0af69cc.jpg,train,adequado
images/test/dr_0649_jpg.rf.b7d1c07a5deeb45e8fa8a2a076f504fd.jpg,test,adequado
images/train/dr_0514_jpg.rf.b019e6f961d74ea61d2b2880c3ff638b.jpg,train,adequado
images/train/dr_0267_jpg.rf.f6a813425844e1a0811081e31d777a64.jpg,train,inadequado
images/train/dr_0893_jpg.rf.31f8d570fad68e7040c91a89f6a3df4b.jpg,train,adequado
images/train/dr_0216_jpg.rf.383ad8db30c3550784f4224029ac85b0.jpg,train,adequado
images/train/dr_0198_jpg.rf.c34fdae666fa8d3e699b0e7b04e33bc5.jpg,train,inadequado
images/train/pdx_p3_panoramic (12).jpg,train,adequado
images/train/dr_0413_jpg.rf.64652c32cd11cad2143a029eaeb1c84b.jpg,train,adequado
images/valid/pdx_p2_16_jpg.rf.978803ef2c7099a3bc440423822fdae5.jpg,valid,adequado
images/train/dr_0419_jpg.rf.62f0efafa231540db607ddc34ee4ae04.jpg,train,adequado
images/train/pdx_p1_84.jpg,train,adequado
images/train/dr_0742_jpg.rf.585c0dc539e85ccca25634ddcc483dd1.jpg,train,inadequado
images/train/dr_0200_jpg.rf.ebbe271a26c74b0307d9e48204aff4f8.jpg,train,inadequado
images/train/dr_0334_jpg.rf.eb62c646bfaa9db3c3d803a3cec6d515.jpg,train,inadequado
images/train/pdx_p3_panoramic (34).jpg,train,adequado
images/train/dr_0603_jpg.rf.c4b40ea61b53514be7f0c797a42e3292.jpg,train,inadequado
images/train/pdx_p1_88.jpg,train,inadequado
images/train/dr_0437_jpg.rf.61154acd7c01685990efd0db276de648.jpg,train,adequado
images/train/dr_0062_jpg.rf.5e63a5af776fd516fb0ad990624f695e.jpg,train,adequado
images/train/dr_0437_jpg.rf.6d66bcc517e0035850cf2faa824538b7.jpg,train,adequado
images/train/dr_0508_jpg.rf.b80f1b461823d269e6d6efa9333a2cc2.jpg,train,inadequado
images/train/dr_0915_jpg.rf.a3c3cc3c418966fb144228573406d3ef.jpg,train,adequado
images/train/dr_0736_jpg.rf.fd021640cf46c7eade5658c75e2ad3bf.jpg,train,inadequado
images/train/dr_0201_jpg.rf.7c307a2ed1b0b4a2ed39346a6f14187d.jpg,train,adequado
images/train/dr_0646_jpg.rf.8a9b3ef94640c8440a5c2f9666cb761c.jpg,train,adequado
images/train/mnd_75.png,train,adequado
images/train/dr_0295_jpg.rf.9de4953c45ed3acdff06b1afb1138f45.jpg,train,adequado
images/train/mnd_94.png,train,adequado
images/train/dr_0185_jpg.rf.50e589c3c7538f0c4d0185a810e13726.jpg,train,inadequado
images/train/pdx_p3_panoramic (38).jpg,train,adequado
images/train/dr_0634_jpg.rf.fc8d77eb494dba44213dbb0726911fc5.jpg,train,inadequado
images/train/dr_0090_jpg.rf.f055be348e14e964e22aefebd01b3d2d.jpg,train,adequado
images/train/dr_0235_jpg.rf.762cf0c77e5f4aa404f67c012a71db5f.jpg,train,adequado
images/train/dr_0645_jpg.rf.21ce291f2c3a7411277cf315c9bc02e1.jpg,train,inadequado
images/train/dr_0791_jpg.rf.a18b06caaccd55e1e2b3c3bce98e4fa8.jpg,train,adequado
images/train/dr_0312_jpg.rf.a3b1695f851900ec415a5f75cb8283a2.jpg,train,inadequado
images/train/dr_0049_jpg.rf.1be8799db32cb45a578b755fef1647e8.jpg,train,adequado
images/train/dr_0223_jpg.rf.928d75bcc51ceedfd4ffb657a7f0d7c0.jpg,train,inadequado
images/train/dr_0768_jpg.rf.04ff90b4aa9bc6d40760db127a96e259.jpg,train,adequado
images/train/dr_0126_jpg.rf.54515c03b5062f35c6964ddac63e24e0.jpg,train,inadequado
images/train/dr_0810_jpg.rf.2b5244ba6cd3ac2ad80b65800422a1db.jpg,train,inadequado
images/train/dr_0201_jpg.rf.069a9a65083d35cb5f86b74c7c0006dc.jpg,train,inadequado
images/train/pdx_p2_81_jpg.rf.0e247a0fd549dff4f2c781b473ed08bc.jpg,train,adequado
images/test/mnd_109.png,test,adequado
images/test/pdx_p2_79_jpg.rf.9fc946b404d5dbb357d7da9ea95dad31.jpg,test,adequado
images/train/dr_0630_jpg.rf.bb12fe121627efdbb30b6a84cddd0124.jpg,train,inadequado
images/train/pdx_p1_117.jpg,train,adequado
images/test/mnd_57.png,test,adequado
images/train/dr_0312_jpg.rf.cf0a8649fb3e1fd113cfaf77d9d22a85.jpg,train,inadequado
images/test/mnd_111.png,test,adequado
images/train/dr_0847_jpg.rf.026f37d0a10cecd246aa2a94c9d6f70f.jpg,train,inadequado
images/train/dr_0392_jpg.rf.dee79984bf2a03bfd40508d61dcd0b51.jpg,train,inadequado
images/valid/dr_0366_jpg.rf.0eb606917baa0db4549b441970be2abc.jpg,valid,adequado
images/train/dr_0510_jpg.rf.6fc83c1ef1264c860155e171cea5b71b.jpg,train,adequado
images/train/dr_0046_jpg.rf.65f14aa9217940a4e38a99474ecf6070.jpg,train,adequado
images/train/dr_0879_jpg.rf.541923f8ceb25a1d6dec304e0867509c.jpg,train,adequado
images/test/mnd_114.png,test,adequado
images/train/dr_0847_jpg.rf.f555c5b329817a0bf9ef053937627c08.jpg,train,inadequado
images/train/dr_0550_jpg.rf.b53b49c41fc9b7eb9d9ae5ab0d4b47b4.jpg,train,inadequado
images/train/dr_0020_jpg.rf.4c6175050fb00bc02af74d5221801772.jpg,train,inadequado
images/train/dr_0316_jpg.rf.b6bdf8e1ca87a5cbba9972df2ba7f5d4.jpg,train,adequado
images/train/dr_0422_jpg.rf.3d9258f1d15ebe1d73eeb0068f5de3c7.jpg,train,adequado
images/train/dr_0024_jpg.rf.a5968855a7b8c61d61917049cdfe8bbf.jpg,train,inadequado
images/train/dr_0746_jpg.rf.6a691c8dd2e9f0dd2c28601afd27d7ef.jpg,train,inadequado
images/train/pdx_p3_panoramic (26).jpg,train,adequado
images/test/pdx_p1_95.jpg,test,inadequado
images/train/dr_0258_jpg.rf.1579e184e84294fd6cdff94638850d35.jpg,train,inadequado
images/train/pdx_p1_119.jpg,train,adequado
images/train/dr_0666_jpg.rf.f7dd2645e38d04814195f47d40f15cef.jpg,train,inadequado
images/test/mnd_68.png,test,adequado
images/train/dr_0613_jpg.rf.fc5367d99a829292b75ef5c8b5b3c730.jpg,train,inadequado
images/valid/dr_0176_jpg.rf.dfbe8b6c563991f125b31eb9e5b625d2.jpg,valid,inadequado
images/train/dr_0059_jpg.rf.555ce394e75caa87090056daedb042c1.jpg,train,inadequado
images/train/dr_0242_jpg.rf.c6d5aa8ee1ae3990d0e189766db9dc36.jpg,train,inadequado
images/train/mnd_65.png,train,inadequado
images/train/dr_0127_jpg.rf.a1a7906e3b863eac81ba9fbd0606e64f.jpg,train,inadequado
images/valid/dr_0825_jpg.rf.a36d73e17d7a1da6435245915ea9f14f.jpg,valid,adequado
images/train/dr_0219_jpg.rf.c0c803275c7d1c3e775eba2672b26b08.jpg,train,inadequado
images/train/pdx_p1_50.jpg,train,adequado
images/train/pdx_p1_113.jpg,train,adequado
images/train/pdx_p2_19_jpg.rf.7516f5fee7b632d3ddfbde29338df44b.jpg,train,adequado
images/train/dr_0871_jpg.rf.c1a8e9cce67775bc8bb6e586b71fedc5.jpg,train,adequado
images/valid/dr_0073_jpg.rf.0a3fc448611ebb614d068de0e7bf25a6.jpg,valid,adequado
images/train/dr_0271_jpg.rf.5a1423f746163696ee3a3128dceb28b1.jpg,train,adequado
images/train/dr_0057_jpg.rf.4645189826d3ad522d044d2420dcd656.jpg,train,inadequado
images/train/dr_0431_jpg.rf.fa59938f6aac4878db4b27c5446ee4bc.jpg,train,inadequado
images/valid/dr_0621_jpg.rf.2d8fbcf1944416a87cf773614b7f7a4c.jpg,valid,adequado
images/train/dr_0850_jpg.rf.587e9be00b86468fa3aa057b3d9a984e.jpg,train,inadequado
images/train/dr_0682_jpg.rf.e23688c779d98bc43ec9d4d14a2b293e.jpg,train,inadequado
images/train/dr_0986_jpg.rf.c03ee1eb80e6fdb2d0bb8fa6d45f057e.jpg,train,inadequado
images/test/dr_0004_jpg.rf.6434bfce7667ea786e5f251dc0d8b8b1.jpg,test,inadequado
images/train/dr_0701_jpg.rf.fe29e0f58d2b4699e8d2fd51d2a19fa1.jpg,train,inadequado
images/test/dr_0999_jpg.rf.b3bbb1292154fe7bf750bdb9e56f7cd4.jpg,test,adequado
images/train/dr_0211_jpg.rf.238d81a960dc8a8d3420ff1a2a53e1fb.jpg,train,inadequado
images/train/dr_0085_jpg.rf.866589c6df70ab4284a5c59bd7b82f97.jpg,train,adequado
images/train/dr_0927_jpg.rf.fff5812af559a7be42b36edef2db6aa4.jpg,train,inadequado
images/train/dr_0795_jpg.rf.0f25ec9ff8dc507a5d1574980d7cf2e4.jpg,train,inadequado
images/train/dr_0869_jpg.rf.a28acffe8d89fd55709f55de36d96f3e.jpg,train,inadequado
images/test/mnd_102.png,test,adequado
images/train/dr_0769_jpg.rf.a6af84033720d5c733e9791732a05293.jpg,train,inadequado
images/train/pdx_p1_44.jpg,train,adequado
images/train/dr_0217_jpg.rf.624804d1d8409739781b236d7b06449c.jpg,train,inadequado
images/train/dr_0926_jpg.rf.a2e580fab789e0b19d1cdcf2348484cc.jpg,train,adequado
images/train/dr_0040_jpg.rf.8fd8e24afeac4a76432ab6d6addfc73a.jpg,train,adequado
images/valid/dr_0189_jpg.rf.d8bd2754b9ff4da570f91125c7cd40e7.jpg,valid,adequado
images/test/dr_0890_jpg.rf.63a002852dc3ca1c77006ac5c4421e90.jpg,test,adequado
images/train/dr_0735_jpg.rf.28ef163dfd6cb4904aba343638a64c68.jpg,train,inadequado
images/train/dr_0682_jpg.rf.cd62b7d065993563c9e9ba338116236a.jpg,train,inadequado
images/train/dr_0506_jpg.rf.2948ec6727bce8cba64117bb2584b063.jpg,train,inadequado
images/train/mnd_66.png,train,adequado
images/train/dr_0867_jpg.rf.a167e49899837df88407dcca1d3fd14f.jpg,train,adequado
images/train/pdx_p1_67.jpg,train,adequado
images/train/dr_0492_jpg.rf.67ea32802e307f388986c64036f3df02.jpg,train,inadequado
images/test/pdx_p3_panoramic (52).jpg,test,adequado
images/train/dr_0933_jpg.rf.f8ea4bec94a15ccdf3cd90baa7d1f0db.jpg,train,adequado
images/train/dr_0449_jpg.rf.ae8335dfc559ad5004a6809c0879deb2.jpg,train,adequado
images/test/dr_0976_jpg.rf.83d1e5e77aacc0d1c648682aa54ecd06.jpg,test,inadequado
images/test/pdx_p3_panoramic (25).jpg,test,adequado
images/test/dr_0905_jpg.rf.93c5b0e9d232f394f6cedf1c8f3879f4.jpg,test,inadequado
images/train/dr_0410_jpg.rf.9dc84795fa460fcf9cd8ec8d740c9898.jpg,train,inadequado
images/test/dr_0929_jpg.rf.af9ae76db4cde136794162d06c9da6a3.jpg,test,inadequado
images/train/dr_0032_jpg.rf.c9871fe158e2f4557f69c27ec1ed3b77.jpg,train,adequado
images/train/dr_0446_jpg.rf.8d177ef6d298cbf164ed1fb1a22f25a3.jpg,train,inadequado
images/test/dr_0298_jpg.rf.ecc80db88bce7954304f746c8536ad1f.jpg,test,adequado
images/train/dr_0379_jpg.rf.eca2baa712532aec3856a358aa8392d2.jpg,train,inadequado
images/train/dr_0812_jpg.rf.ea6f0c99e94cc51c5a17d6b32e05221a.jpg,train,inadequado
images/valid/dr_0191_jpg.rf.e81d9cab3cb6c64ad1b086045f7072ce.jpg,valid,inadequado
images/train/dr_0870_jpg.rf.4fa3fa008f55dfe103c5eae17188eba3.jpg,train,inadequado
images/train/dr_0198_jpg.rf.bc9158659749ff92ca0ee57e55bde4ac.jpg,train,inadequado
images/train/dr_0525_jpg.rf.9197b31eb57e1fc7ae96b19278415e28.jpg,train,inadequado
images/test/dr_0213_jpg.rf.6304d5ebe5f8c87c3a8ed5495cc2bd58.jpg,test,adequado
images/train/dr_0388_jpg.rf.65b705ac3e4eb6d65a1b3c34cf7a52d8.jpg,train,inadequado
images/valid/dr_0536_jpg.rf.3a7e13dd78ae4edccebbd4f97dc8271e.jpg,valid,inadequado
images/train/dr_0023_jpg.rf.4ce88142dafbb4c347cb774042492a18.jpg,train,inadequado
images/train/dr_0516_jpg.rf.8e257781901f1a9458e76eee2c9303e1.jpg,train,adequado
images/train/dr_0856_jpg.rf.5568f0b80e8e89364fb25411b3dd9e3d.jpg,train,adequado
images/train/dr_0064_jpg.rf.ef282450440d81788f0889f6c006410e.jpg,train,adequado
images/valid/dr_0886_jpg.rf.392b31859a90f6265fe9ae541485d7d5.jpg,valid,adequado
images/train/dr_0792_jpg.rf.dcd3b9dda89136e98c9a726489d8b54d.jpg,train,inadequado
images/train/dr_0793_jpg.rf.6b4bb8d3b6d55ae340b7301835294fe8.jpg,train,adequado
images/train/dr_0266_jpg.rf.fa548228b59b51268581cc13a490319e.jpg,train,inadequado
images/train/dr_0435_jpg.rf.b3a924a4351f376e661489879a21a384.jpg,train,inadequado
images/train/dr_0321_jpg.rf.24692cc266fe134af741c38ee2241482.jpg,train,inadequado
images/train/dr_0786_jpg.rf.a91a1713a5df6aa7dbec005c6b31b10a.jpg,train,adequado
images/train/dr_0309_jpg.rf.f554bd45d4a135678297ef1d90e1debd.jpg,train,inadequado
images/train/dr_0027_jpg.rf.323ec915f5634c1871647c7764ef5a60.jpg,train,adequado
images/train/dr_0925_jpg.rf.0c67cfcbfab96eab732765b2bf3c22ba.jpg,train,inadequado
images/train/dr_0943_jpg.rf.c4532e45aad7c0daf7ee10b1a18972be.jpg,train,inadequado
images/train/dr_0109_jpg.rf.7a0aba78a2e68e0014801c431fd3fa21.jpg,train,inadequado
images/train/dr_0051_jpg.rf.d4cd7a3109e706354f4099b447e523b5.jpg,train,inadequado
images/train/dr_0412_jpg.rf.44c4ec73ab72b24102be75f2098536d5.jpg,train,inadequado
images/train/dr_0055_jpg.rf.b7fdd4f26ba9730b77bbe80dd7b1588c.jpg,train,adequado
images/train/pdx_p2_88_jpg.rf.155671e28658965df339383148e66f50.jpg,train,adequado
images/train/pdx_p1_72.jpg,train,inadequado
images/valid/dr_0648_jpg.rf.4b6118376b8f3800ebf03dbb351878df.jpg,valid,adequado
images/train/dr_0057_jpg.rf.8baa7267fdc4580f1508670377413973.jpg,train,inadequado
images/train/dr_0258_jpg.rf.446ae1676ce23646695f47477e3f3130.jpg,train,adequado
images/train/mnd_29.png,train,adequado
images/train/dr_0909_jpg.rf.27da49d54eb88c9a53f24e1dc199f9fc.jpg,train,inadequado
images/train/dr_0812_jpg.rf.4d617db1bddd307250bccd0db8797c50.jpg,train,adequado
images/train/pdx_p1_28.jpg,train,adequado
images/valid/dr_0530_jpg.rf.dea7b48da1c740733ff177a9d218c4fc.jpg,valid,inadequado
images/train/dr_0755_jpg.rf.3faa2f8650d40d893a7cbf73dd8fbe2f.jpg,train,inadequado
images/train/dr_0526_jpg.rf.29cd79e51f65c72140037b2ba24053b7.jpg,train,adequado
images/valid/dr_0443_jpg.rf.0b1b776dadf6a82c025efe47eb2e6d4d.jpg,valid,inadequado
images/train/dr_0875_jpg.rf.9a68da6ba88c99d679a054c17828e040.jpg,train,adequado
images/valid/pdx_p2_103_jpg.rf.00511323726379dcd83a1a2ffdea6743.jpg,valid,inadequado
images/train/dr_0751_jpg.rf.225940fac68c0d6b8f8bde1f3c33c3d0.jpg,train,inadequado
images/train/dr_0963_jpg.rf.2050b2d69fbbda303a0f7b40fbb8bcf4.jpg,train,adequado
images/train/dr_0784_jpg.rf.3f308833f1ab8586d8481fe674679884.jpg,train,inadequado
images/train/dr_0544_jpg.rf.2ff9b9a8ef40e14eae9d7cdad4174653.jpg,train,adequado
images/train/dr_0088_jpg.rf.393ad657fdcbe72c064d52c946f52737.jpg,train,inadequado
images/train/dr_0920_jpg.rf.14f5154ca19cb5e0aae66698dc70a2a9.jpg,train,inadequado
images/train/dr_0431_jpg.rf.076e2cdf82f68e4a13868462689ab1a8.jpg,train,inadequado
images/train/dr_0800_jpg.rf.2de19b45a34211238062d32ee3b9880d.jpg,train,inadequado
images/train/dr_0809_jpg.rf.74fd5a9718f2202705cf7bd51d966c4c.jpg,train,adequado
images/train/dr_0071_jpg.rf.a781c2346bbeb5d9628402535d68d15b.jpg,train,inadequado
images/train/dr_0508_jpg.rf.13b606f6803b6449534365dd7db1bfbc.jpg,train,inadequado
images/train/dr_0254_jpg.rf.c09147555338c8640641f751805c3e79.jpg,train,inadequado
images/train/mnd_37.png,train,adequado
images/train/dr_0265_jpg.rf.ed76973ef2f897e8bf319706efd24170.jpg,train,adequado
images/valid/dr_0164_jpg.rf.b68fccb1be35095dc0411f28d42201a2.jpg,valid,inadequado
images/train/dr_0236_jpg.rf.e3a13fb53c62168eb9eb2a54babd5593.jpg,train,adequado
images/valid/pdx_p1_73.jpg,valid,inadequado
images/test/dr_0273_jpg.rf.b74071d5766afa414178c51aeefc1e9d.jpg,test,inadequado
images/train/dr_0746_jpg.rf.86d6626f0a4a0951252a8dd96d10a68f.jpg,train,inadequado
images/valid/dr_0003_jpg.rf.ca9d51a22c825737b49a5f73d3172d23.jpg,valid,adequado
images/valid/dr_0056_jpg.rf.6719f5b67f55726778c11022c690ee7f.jpg,valid,adequado
images/train/dr_0781_jpg.rf.f5059bd2e671c00749a12fddba5c82c3.jpg,train,inadequado
images/train/dr_0118_jpg.rf.6107c3c12cc076209dd34827336fbc89.jpg,train,adequado
images/train/dr_0285_jpg.rf.09e7042ba4b8d0c4e2a1078a63cba976.jpg,train,adequado
images/train/dr_0332_jpg.rf.5ec30d5f41ad98e1b782f90b0e5833bb.jpg,train,inadequado
images/train/dr_0947_jpg.rf.ad5698df1fd26668334dfdf85afff5bf.jpg,train,inadequado
images/train/dr_0033_jpg.rf.f7965451e112e0f39de9a67dbadfa766.jpg,train,adequado
images/train/dr_0434_jpg.rf.e97c36d720a9cba9f89e5605ed022861.jpg,train,inadequado
images/train/dr_0144_jpg.rf.729757d2566b80315ced40ed976f043d.jpg,train,inadequado
images/test/pdx_p1_34.jpg,test,inadequado
images/train/pdx_p3_panoramic (7).jpg,train,adequado
images/train/dr_0600_jpg.rf.b510f46cfdf19cf39ea1078e8347c348.jpg,train,inadequado
images/train/dr_0616_jpg.rf.3912d92df465b92148e4b95b9c11f9a0.jpg,train,inadequado
images/train/dr_0259_jpg.rf.a1c60bb2dd29f8b360fab7a7e86da82a.jpg,train,inadequado
images/train/dr_0535_jpg.rf.ace418b155765113a648e62a4ba4b412.jpg,train,inadequado
images/train/dr_0146_jpg.rf.de028fb54c7c5e0f614383765cbfef9c.jpg,train,inadequado
images/train/dr_0786_jpg.rf.ac09ddd9997de84f4a7edcfeb89b82d7.jpg,train,inadequado
images/train/pdx_p2_9_jpg.rf.cbf3b2288741d6e1df4ae95c6b2ec73f.jpg,train,inadequado
images/valid/dr_0557_jpg.rf.63f39d686ae70ebbfb708d959ce98d99.jpg,valid,inadequado
images/train/mnd_112.png,train,inadequado
images/train/dr_0505_jpg.rf.37b7723bc845873afd7ccd5f4e27f39c.jpg,train,inadequado
images/train/pdx_p3_panoramic (27).jpg,train,inadequado
images/train/dr_0800_jpg.rf.3f5b864a591f4e9cc75fdddf8c4ca288.jpg,train,inadequado
images/train/dr_0854_jpg.rf.37ca6ae0329082bc82469f9e7f48cda6.jpg,train,inadequado
images/train/dr_0066_jpg.rf.a408903c6d356ce858f8922f1f0b67e1.jpg,train,adequado
images/train/pdx_p1_7.jpg,train,inadequado
images/train/dr_0882_jpg.rf.79f27d66f4c46dcb0849df44552a5629.jpg,train,adequado
images/train/dr_0002_jpg.rf.625f03692e32d2b43b4671021ba31f80.jpg,train,inadequado
images/train/pdx_p3_panoramic (2).jpg,train,inadequado
images/train/pdx_p2_117_jpg.rf.72c973269796f7438ceb241a783c94fe.jpg,train,inadequado
images/train/dr_0350_jpg.rf.d40503bdc3b41f5bdc4fe386078f0109.jpg,train,inadequado
images/train/dr_0646_jpg.rf.ca5c69e42dd34a2b338d440754ba9254.jpg,train,inadequado
images/valid/dr_0978_jpg.rf.479273fee3c46097ac68e710e26cf4b1.jpg,valid,inadequado
images/train/dr_0950_jpg.rf.703bb20777531dd524b02d0a245d49de.jpg,train,inadequado
images/train/dr_0863_jpg.rf.ec86c4c4c1f1157f032c2f7639eb5361.jpg,train,inadequado
images/train/dr_0756_jpg.rf.436c6f5b0cd4cebfb1e294239098a8ab.jpg,train,inadequado
images/train/dr_0141_jpg.rf.d9e0bb73d73c8747bc3c4083f776a512.jpg,train,inadequado
images/train/dr_0838_jpg.rf.c44eee8f457b8acf32002e32b01c63a0.jpg,train,inadequado
images/train/dr_0656_jpg.rf.217e39880f1d1a2eb45ef07c9575e147.jpg,train,inadequado
images/train/mnd_58.png,train,inadequado
images/valid/pdx_p3_panoramic (49).jpg,valid,adequado
images/train/mnd_70.png,train,inadequado
images/train/pdx_p2_44_jpg.rf.cd28e9aaa51ecd38397bf7440aaff7e9.jpg,train,adequado
images/train/dr_0684_jpg.rf.d23273b859fa7936bb2a1a21d5d83efc.jpg,train,adequado
images/train/dr_0251_jpg.rf.28afb37c6040640b77ed627be4d2242d.jpg,train,adequado
images/valid/dr_0527_jpg.rf.e5280af5d90c9934812f3b748fef1843.jpg,valid,adequado
images/train/dr_0304_jpg.rf.51e742ef19f59d10815c7375c8fbdb3a.jpg,train,inadequado
images/train/pdx_p1_99.jpg,train,inadequado
images/train/dr_0400_jpg.rf.c9831f936c49960b58d4bb89c994f475.jpg,train,inadequado
images/train/mnd_10.png,train,adequado
images/train/dr_0921_jpg.rf.b88c3b69b190a8b1c7576ade78ee71f5.jpg,train,inadequado
images/train/dr_0122_jpg.rf.e534f5cd79ac95b234667b3d50942f19.jpg,train,inadequado
images/train/pdx_p2_43_jpg.rf.7861c141fff37f23832c2ae097befdc3.jpg,train,adequado
images/train/dr_0028_jpg.rf.eae8628cc0a1012ad247d99ff401fb35.jpg,train,inadequado
images/train/dr_0989_jpg.rf.223e9ffdcde525390c61f4b78a21d8be.jpg,train,inadequado
images/train/dr_0304_jpg.rf.14efc61a51aa5003113f27d4c74e0d80.jpg,train,inadequado
images/train/dr_0040_jpg.rf.81469bb3042ecfc596a8576c74035d74.jpg,train,inadequado
images/train/dr_0653_jpg.rf.ceabce92be071626b6e32d1c9caf6ebd.jpg,train,inadequado
images/train/pdx_p1_57.jpg,train,adequado
images/valid/pdx_p2_77_jpg.rf.73680a55d0dbdc070bb456929c16f6ff.jpg,valid,adequado
images/valid/dr_0245_jpg.rf.c6933f3269649149481b1515759efe33.jpg,valid,adequado
images/train/dr_0578_jpg.rf.048ebf99fea862d376ce6fb4a51973af.jpg,train,inadequado
images/train/dr_0556_jpg.rf.88a9c9bf9c59f40df0d788b6454bd6da.jpg,train,inadequado
images/train/dr_0275_jpg.rf.632710ff6403e90b01b4fc53de3bf2ee.jpg,train,inadequado
images/train/dr_0018_jpg.rf.8c3bb866b63e37391a11795af1418656.jpg,train,inadequado
images/train/dr_0079_jpg.rf.f2cbcc772817315a1c02a04d772231ce.jpg,train,inadequado
images/test/pdx_p3_panoramic (16).jpg,test,adequado
images/train/dr_0205_jpg.rf.fc2360b63c64b754fbdc6d0a4811f716.jpg,train,inadequado
images/train/dr_0714_jpg.rf.1d0f21ca1aee742ac14f11bb5e783ab3.jpg,train,inadequado
images/train/pdx_p1_92.jpg,train,adequado
images/train/dr_0940_jpg.rf.4754330160078cd279decd140e47913b.jpg,train,inadequado
images/train/dr_0517_jpg.rf.d339dba394f260a940c712a15864b05f.jpg,train,inadequado
images/valid/dr_0612_jpg.rf.192ffc4bf48587131a03bbda795f093e.jpg,valid,inadequado
images/train/dr_0853_jpg.rf.7326e9330c796db3d8cc775d9990533c.jpg,train,inadequado
images/train/pdx_p1_14.jpg,train,inadequado
images/train/pdx_p3_panoramic (32).jpg,train,adequado
images/train/dr_0836_jpg.rf.ab4934bcf5a9c8793f0a99b25b2df3c2.jpg,train,inadequado
images/train/dr_0604_jpg.rf.8e9b9ac168d99f3b1911020cb90f00c6.jpg,train,inadequado
images/valid/dr_0279_jpg.rf.f9fc5ccc0b96b00196e66140fb678fda.jpg,valid,adequado
images/train/dr_0510_jpg.rf.30c7c3de457ed7d08c8913526206519e.jpg,train,inadequado
images/train/dr_0638_jpg.rf.33de1739e098c54ef07d6c4ef0dabb59.jpg,train,inadequado
images/train/dr_0375_jpg.rf.81ceb57354d1b7285e4fd3abc7432685.jpg,train,inadequado
images/train/pdx_p1_9.jpg,train,adequado
images/train/pdx_p3_panoramic (42).jpg,train,adequado
images/test/dr_0206_jpg.rf.b982c8b0f8d6d230c1b685f125ab7140.jpg,test,adequado
images/train/dr_0118_jpg.rf.cda3785ae741327e12e5adf3700d99d0.jpg,train,inadequado
images/train/pdx_p2_113_jpg.rf.519d6abdf8b6393a8c905410adb37ca4.jpg,train,adequado
images/train/dr_0904_jpg.rf.ca491e275ca8be494a4fdad09ac44d79.jpg,train,inadequado
images/train/dr_0460_jpg.rf.8d3cdcafbc6f067023f7c50bf021b196.jpg,train,inadequado
images/train/dr_0390_jpg.rf.46947c7fe613c4485a5ba4f07da3ee06.jpg,train,inadequado
images/train/dr_0160_jpg.rf.3498599491f1cb69968a6b0ec5cceda4.jpg,train,inadequado
images/train/dr_0283_jpg.rf.df11105141de584571ccee130f419077.jpg,train,inadequado
images/train/dr_0584_jpg.rf.c670691fee6ed73ac5c949307e7136dc.jpg,train,inadequado
images/valid/dr_0314_jpg.rf.f8ddf542c45d8c5eb4cb49433fdad7dd.jpg,valid,inadequado
images/valid/dr_0617_jpg.rf.bbcd86b6387215a385318b45c70b271c.jpg,valid,inadequado
images/train/pdx_p2_29_jpg.rf.3f768b2a40c1df93232a8896349d8f47.jpg,train,adequado
images/test/dr_0480_jpg.rf.2c77b1e834ef71e71673f1ff1dcc0c2d.jpg,test,adequado
images/train/pdx_p1_112.jpg,train,adequado
images/train/dr_0522_jpg.rf.b18388f5c0a62b401baa051cbfb1b853.jpg,train,inadequado
images/train/dr_0392_jpg.rf.68e6cc835a56db12def59c79ed7a887c.jpg,train,inadequado
images/train/pdx_p1_18.jpg,train,adequado
images/train/dr_0654_jpg.rf.43ce75d38d8262c0092646b00d8d3cb1.jpg,train,inadequado
images/train/dr_0508_jpg.rf.9dced4dade13d5d42c2ea3d5ea18e157.jpg,train,inadequado
images/train/dr_0471_jpg.rf.1b07585bde1369fe868ff92a9beb3739.jpg,train,inadequado
images/train/dr_0461_jpg.rf.10ced48f962050dfcda6447bf4d9d79d.jpg,train,inadequado
images/train/pdx_p1_47.jpg,train,adequado
images/train/mnd_67.png,train,adequado
images/train/dr_0335_jpg.rf.048e48b19e4d3369f7eec9160f59dfd6.jpg,train,inadequado
images/train/dr_0534_jpg.rf.1de281d664a4dfb12e5cad6a5990c8c0.jpg,train,inadequado
images/train/dr_0162_jpg.rf.c484954e0dc9a5128eea6a07c3b5a531.jpg,train,inadequado
images/train/dr_0758_jpg.rf.fcda9f24d59ae15e6f0b9386b7e3b6e1.jpg,train,inadequado
images/train/dr_0364_jpg.rf.03d240890b32a214bf89212c612da74b.jpg,train,inadequado
images/train/dr_0793_jpg.rf.38f0acfea23515c4440c443e6fb17e89.jpg,train,adequado
images/valid/mnd_19.png,valid,adequado
images/train/dr_0232_jpg.rf.efd953a42b9eb153af3a760fd6a713f0.jpg,train,inadequado
images/train/dr_0199_jpg.rf.e33893e6d2d348af5fd939ccffeeab03.jpg,train,inadequado
images/test/mnd_91.png,test,adequado
images/train/dr_0413_jpg.rf.147cbf9fb464e42eec22d12aecb8856c.jpg,train,adequado
images/train/dr_0799_jpg.rf.28307fead82b1675b3f88e3fb2e87cb3.jpg,train,inadequado
images/train/dr_0821_jpg.rf.9ef678036bafc646003efae18508adb6.jpg,train,inadequado
images/valid/dr_0488_jpg.rf.15add08e164a3db5a0f1e09f8d09d172.jpg,valid,inadequado
images/valid/dr_0481_jpg.rf.b2ecb150b2a86eba181ed234d7c2ef35.jpg,valid,inadequado
images/train/dr_0574_jpg.rf.5ea1866accba58be4247686772138322.jpg,train,adequado
images/train/dr_0353_jpg.rf.672fb1f2f77f29fc05d064d1ced5e4ed.jpg,train,inadequado
images/train/dr_0607_jpg.rf.a8ad55a07a90be7aa56d86e2f2ad9b78.jpg,train,adequado
images/train/pdx_p3_panoramic (45).jpg,train,adequado
images/train/dr_0211_jpg.rf.315ce8741ca53a57b4c5b40f4a3d4045.jpg,train,inadequado
images/train/dr_0017_jpg.rf.a419702d34967acd75d9d706557b9ba8.jpg,train,adequado
images/train/dr_1000_jpg.rf.0008da7c4c09d2052d9e5b195df3e744.jpg,train,inadequado
images/train/dr_0514_jpg.rf.3d8b61c4657c9ee2dc1462cb2a025dc8.jpg,train,inadequado
images/train/dr_0763_jpg.rf.778fd8aed7cbafac4647281b8b6b60cf.jpg,train,inadequado
images/train/dr_0556_jpg.rf.b67342e2afe6f2254cb71f6d6d6d52a3.jpg,train,inadequado
images/train/dr_0125_jpg.rf.611a6542904a88732612ab2a9bbce287.jpg,train,inadequado
images/train/dr_0509_jpg.rf.f39d274e6b2564eb599228e7de6e9bc4.jpg,train,inadequado
images/train/dr_0968_jpg.rf.735d5d21216ce8a8d04d6f3cbdffeee7.jpg,train,inadequado
images/train/mnd_13.png,train,inadequado
images/train/dr_0242_jpg.rf.8bf46debb096940d320959ed5bd73734.jpg,train,inadequado
images/train/dr_0348_jpg.rf.87f1854f2d41bf5d3eb483e1a3e8ee0b.jpg,train,inadequado
images/train/dr_0986_jpg.rf.bd28c13ae802ca6d762e122c7711edd1.jpg,train,inadequado
images/train/dr_0710_jpg.rf.62e7fbbb30188fea6e4ded14efc024ed.jpg,train,adequado
images/test/pdx_p3_panoramic (23).jpg,test,adequado
images/train/dr_0303_jpg.rf.e599e719683faedca7bb627ce43fcf80.jpg,train,inadequado
images/train/mnd_61.png,train,adequado
images/train/dr_0054_jpg.rf.b81c1de4282e2881bc92f9d5b6ca106f.jpg,train,inadequado
images/train/pdx_p1_98.jpg,train,adequado
images/train/dr_0047_jpg.rf.c45caa1f5529abacb34ea09ec5b2e570.jpg,train,inadequado
images/test/dr_0688_jpg.rf.152fb99de9e0af07c5546e20e966b140.jpg,test,inadequado
images/train/dr_0879_jpg.rf.21997a7ec78153d4435a07b68c452cf2.jpg,train,inadequado
images/train/pdx_p1_25.jpg,train,adequado
images/train/dr_0869_jpg.rf.d73e521dd788b2773b8334b37d8d9896.jpg,train,adequado
images/valid/dr_0092_jpg.rf.922f6021eb8dd014c8924dea310fb7eb.jpg,valid,inadequado
images/train/dr_0333_jpg.rf.43b02c8ec229b1fab687ab65fa47ca2e.jpg,train,inadequado
images/train/dr_0028_jpg.rf.60f74bed91a703ce0c29984194aab034.jpg,train,inadequado
images/train/dr_0058_jpg.rf.0bb8e6c8dc4b829c6ad198b419120ad4.jpg,train,inadequado
images/valid/dr_0272_jpg.rf.6d47c3a9a80a9fbbf873fe5edf10832f.jpg,valid,inadequado
images/train/pdx_p2_86_jpg.rf.2a002c6b4bed1a2e1cc02696dcb47a93.jpg,train,adequado
images/train/dr_0639_jpg.rf.68ca6361225c0091db24695a731008f9.jpg,train,adequado
images/train/dr_0012_jpg.rf.72a1e0ed221d11e2ce6867b15281591c.jpg,train,inadequado
images/train/dr_0412_jpg.rf.e27f70cf0b5eb7dbe5164773540f8707.jpg,train,inadequado
images/train/dr_0956_jpg.rf.d0e0165e4ad9cc343c14b146ca6357fa.jpg,train,inadequado
images/train/dr_0559_jpg.rf.843856cec06c455872bc417868a3b8e9.jpg,train,inadequado
images/train/mnd_44.png,train,adequado
images/train/dr_0402_jpg.rf.d6efdc46009b4c3ced961d90b5aa9ba9.jpg,train,inadequado
images/train/dr_0770_jpg.rf.b997b656d7e6d9cc148d83182ac7d8c2.jpg,train,inadequado
images/train/pdx_p1_43.jpg,train,adequado
images/train/dr_0328_jpg.rf.f69c579b68e9e0c0e6990d813920820f.jpg,train,inadequado
images/train/pdx_p3_panoramic (41).jpg,train,inadequado
images/train/dr_0422_jpg.rf.f38f5ec62a453bd2476df96a1f388daf.jpg,train,inadequado
images/train/dr_0921_jpg.rf.718dab89dd7b27e912c6c23a135c2732.jpg,train,inadequado
images/train/dr_0512_jpg.rf.b14401c8c9c27ef66c28bb0808e00127.jpg,train,inadequado
images/train/pdx_p1_36.jpg,train,inadequado
images/train/dr_0090_jpg.rf.cdf018447798e319b78c219b30046b32.jpg,train,adequado
images/train/dr_0685_jpg.rf.5bb224ce77b968f04822bedaa1a0db67.jpg,train,inadequado
images/train/dr_0471_jpg.rf.aacf5ba6d15955f54d006bc587fe7fa2.jpg,train,inadequado
images/test/dr_0128_jpg.rf.717cd6a69102c36ff5b84b4a87c5a210.jpg,test,inadequado
images/valid/pdx_p2_49_jpg.rf.0284d2d862096afc9028be21b95b95d7.jpg,valid,adequado
images/valid/dr_0035_jpg.rf.386d686c55e9347823a6e3e75af5152e.jpg,valid,inadequado
images/train/dr_0816_jpg.rf.67a246b741da4d6e9cee9cbc4d9e642d.jpg,train,inadequado
images/train/dr_0358_jpg.rf.e9a257066d1e38254f6b8de472b992e8.jpg,train,inadequado
images/train/dr_0719_jpg.rf.54b7cd594831e199d2240eaf116d2375.jpg,train,inadequado
images/train/pdx_p1_63.jpg,train,inadequado
images/train/dr_0033_jpg.rf.3999c2ac8092e944a0d32b5716ad7162.jpg,train,adequado
images/valid/pdx_p1_32.jpg,valid,adequado
images/train/dr_0255_jpg.rf.6cc810ba280add3ba1b78a59cf2faf41.jpg,train,inadequado
images/train/dr_0516_jpg.rf.42826ff16d921c622430fb5a04c4bf06.jpg,train,inadequado
images/train/dr_0271_jpg.rf.e18d2d727c6d0c029f5b6024f39058d6.jpg,train,inadequado
images/train/dr_0872_jpg.rf.b80f108a5a34826a710cf48fb43f346c.jpg,train,inadequado
images/train/mnd_73.png,train,adequado
images/train/dr_0734_jpg.rf.a0e5bd9655213d9252a152b2e69b6c9e.jpg,train,inadequado
images/train/dr_0419_jpg.rf.3cfa75f021f38929b588f87631251e86.jpg,train,inadequado
images/train/dr_0638_jpg.rf.3ac17c3be38f161ad437a0d277f54a1d.jpg,train,inadequado
images/train/dr_0357_jpg.rf.8ce43e408c5e655117fd8262ff82a0db.jpg,train,inadequado
images/train/dr_0780_jpg.rf.a7ab60b9e7cdb08cd65d06a36cfac5d1.jpg,train,inadequado
images/train/dr_0453_jpg.rf.ff2c4f07886fe73da4f7247ddc006bc4.jpg,train,inadequado
images/train/mnd_1.png,train,inadequado
images/train/mnd_23.png,train,adequado
images/valid/dr_0797_jpg.rf.44a4504b8585b16309f3f54bba75fef8.jpg,valid,inadequado
images/train/dr_0512_jpg.rf.10171f4ef4e5ea90547b09f90ac23aed.jpg,train,inadequado
images/valid/mnd_52.png,valid,inadequado
images/train/dr_0833_jpg.rf.725ee3b0159cbc5b47db4cdc7c3a5758.jpg,train,inadequado
images/train/dr_0946_jpg.rf.d15ab3fcfad84db2d4c019397014a90c.jpg,train,inadequado
images/valid/dr_0174_jpg.rf.ee4210bb5799f6fb0f645af4e46d1a84.jpg,valid,inadequado
images/train/dr_0184_jpg.rf.351a13f062c38b997043eaa80c2693ba.jpg,train,inadequado
images/train/dr_0432_jpg.rf.174671c5086bf8d1354113aa28584a15.jpg,train,inadequado
images/train/dr_0275_jpg.rf.a552f241817bf8bae12ceb4eca8d03a8.jpg,train,inadequado
images/train/dr_0865_jpg.rf.eb4f85ec400634c850485f0a66ba5691.jpg,train,adequado
images/train/mnd_18.png,train,inadequado
images/test/pdx_p1_62.jpg,test,inadequado
images/test/dr_0156_jpg.rf.c3b593c25483534b0ad835ee21f62d59.jpg,test,inadequado
images/valid/dr_0680_jpg.rf.5596d1bc316cbf0d84897706ef97ed3e.jpg,valid,inadequado
images/train/mnd_34.png,train,inadequado
images/test/dr_0445_jpg.rf.c1b87e7bf4165d062bf6dcfbb56f2c18.jpg,test,inadequado
images/train/dr_0854_jpg.rf.113eca8746800ef8935530bea8608129.jpg,train,inadequado
images/train/dr_0487_jpg.rf.d7763318a3ce87b4e1136d904a78f08e.jpg,train,inadequado
images/train/mnd_56.png,train,inadequado
images/train/dr_0635_jpg.rf.a6b404d292fa90f1fe435b40e8d958ec.jpg,train,inadequado
images/test/mnd_97.png,test,adequado
images/train/dr_0226_jpg.rf.47020584758fe234df43cc5f6d57420a.jpg,train,inadequado
images/train/dr_0991_jpg.rf.b831d0dfe77025a96e8230c88eae93ad.jpg,train,inadequado
images/test/pdx_p2_121_jpg.rf.290ed0bc3a539c8848526788949809f8.jpg,test,inadequado
images/train/dr_0300_jpg.rf.79aa205f92083ebff3610e92ff8df60c.jpg,train,inadequado
images/train/dr_0431_jpg.rf.10655ed2d9250482e2b202e4742320b7.jpg,train,inadequado
images/test/dr_0564_jpg.rf.e086c7720a4a7be9d64b43c8588fd24a.jpg,test,inadequado
images/train/dr_0146_jpg.rf.43972cf1c2a4bd79b301018960a6da14.jpg,train,inadequado
images/train/pdx_p2_32_jpg.rf.7e7a4719f92d44faa617ebe205a18417.jpg,train,adequado
images/train/dr_0066_jpg.rf.8e643f1322ae32f174d707ad83120b51.jpg,train,adequado
images/train/dr_0145_jpg.rf.5802917bcb9509525928a776b2f5dfdd.jpg,train,inadequado
images/train/dr_0892_jpg.rf.4944e7787ce81fdd30d8de50a846a94c.jpg,train,inadequado
images/train/dr_0736_jpg.rf.3b78655c292b88e9279d7d874347f932.jpg,train,inadequado
images/train/dr_0251_jpg.rf.fa7565de0841cd5660a82a567f67f1ea.jpg,train,inadequado
images/train/dr_0956_jpg.rf.0efb56c441557748c500008131bd3931.jpg,train,inadequado
images/train/dr_0444_jpg.rf.b614457be94315d68b89796fb06e905f.jpg,train,inadequado
images/valid/dr_0951_jpg.rf.b7eddad480bcff935bddbf1e63bbc420.jpg,valid,adequado
images/train/dr_0755_jpg.rf.f70131f3ddbac0a30ef315e0564cd28b.jpg,train,inadequado
images/test/dr_0747_jpg.rf.a11fa53901a855b4003f8dc5a71532c7.jpg,test,inadequado
images/valid/dr_0100_jpg.rf.286d24ae12a47177627f504c5de8330d.jpg,valid,adequado
images/train/dr_0079_jpg.rf.5529108d7dcaef694c3bff21e0c4c1ac.jpg,train,inadequado
images/test/dr_0898_jpg.rf.df4ec6f79f149df99ada80674fab2c0a.jpg,test,inadequado
images/train/dr_0054_jpg.rf.ab25b1d07817e736bc7baa6bffbaf4d7.jpg,train,inadequado
images/train/dr_0863_jpg.rf.2083e067180a1e99d0fdb352cdf1c38a.jpg,train,inadequado
images/train/dr_0089_jpg.rf.389b95d7c830b7a468ee00981176abf5.jpg,train,inadequado
images/train/dr_0613_jpg.rf.924f949ee8948cab11206535d795d8bb.jpg,train,inadequado
images/train/mnd_86.png,train,adequado
images/train/mnd_116.png,train,inadequado
images/train/dr_0308_jpg.rf.8ed4e3ef4af2ccafcaf99db78302f0a8.jpg,train,inadequado
images/train/dr_0566_jpg.rf.31e2bafcf30eb05199b35d060a150c4b.jpg,train,inadequado
images/valid/dr_0438_jpg.rf.9dbb3efde489184f10e92c8e142447db.jpg,valid,inadequado
images/train/dr_0127_jpg.rf.873a19147a4c590209b7223049148158.jpg,train,inadequado
images/train/dr_0959_jpg.rf.40ab93b467862d4ba600a86cea9f2be6.jpg,train,inadequado
images/train/pdx_p1_2.jpg,train,adequado
images/train/dr_0875_jpg.rf.9be3d6fdd2cc451f985feb9794425b75.jpg,train,inadequado
images/train/dr_0971_jpg.rf.a1d547dec231218f95072aadc4ecd05b.jpg,train,inadequado
images/train/dr_0620_jpg.rf.610f2d25041eb04276255fec63236047.jpg,train,inadequado
images/train/dr_0839_jpg.rf.2e4e16f38a8a49831d30adb1d2f6932e.jpg,train,inadequado
images/train/dr_0002_jpg.rf.1a9d8354add8d9f605c343abe1f4989a.jpg,train,inadequado
images/train/dr_0712_jpg.rf.2bf1e24d871d5f4bf68d2c93d7fdd67a.jpg,train,inadequado
images/train/dr_0032_jpg.rf.53511ada42c08ce437a6737a29925d22.jpg,train,adequado
images/train/dr_0947_jpg.rf.56f9b1a9c440fffc1a41a1d3179c0e23.jpg,train,adequado
images/train/dr_0187_jpg.rf.f9bad231507ccbb648c37a2c06094018.jpg,train,inadequado
images/train/pdx_p1_39.jpg,train,inadequado
images/valid/dr_0897_jpg.rf.22b238dcd924aa968ceb27dd30ed456e.jpg,valid,adequado
images/train/mnd_47.png,train,adequado
images/train/pdx_p1_69.jpg,train,inadequado
images/train/dr_0175_jpg.rf.16c13d67a0a634bb587fb867c507b9fd.jpg,train,inadequado
images/train/dr_0666_jpg.rf.bd372e00d4a9cef3e2d9604a8bec8100.jpg,train,inadequado
images/train/dr_0821_jpg.rf.e6eda9320cea06684081e57d1ac6d6b6.jpg,train,inadequado
images/train/dr_0605_jpg.rf.765c56f4b212616b2d7400bc4737b596.jpg,train,inadequado
images/train/dr_0473_jpg.rf.0865a04793b0a6e85764809646a9e2db.jpg,train,inadequado
images/train/dr_0304_jpg.rf.4d4e47e46979e47028a60557236ba1cc.jpg,train,inadequado
images/train/dr_0925_jpg.rf.f1d268045c8533997cc4b934f26fd87f.jpg,train,inadequado
images/train/dr_0687_jpg.rf.09214c2a9fde62f411f5b281239186fd.jpg,train,inadequado
images/train/dr_0434_jpg.rf.c5c0f83f3bc9d3c4fda25f3ba6878ccf.jpg,train,inadequado
images/train/dr_0939_jpg.rf.166e0427465b0670fac56a018a33adde.jpg,train,inadequado
images/test/mnd_101.png,test,inadequado
images/train/dr_0194_jpg.rf.3fa08ba5eb780e87abe9054d5c262513.jpg,train,inadequado
images/train/dr_0587_jpg.rf.656b0dc61ff75fcbc3ddd72605d8c4ac.jpg,train,inadequado
images/train/dr_0918_jpg.rf.557cdf0bc4d15adbff971d33d9a606a3.jpg,train,inadequado
images/train/dr_0592_jpg.rf.0d087f12b09c50337b7907ba2ef1ed88.jpg,train,inadequado
images/train/dr_0562_jpg.rf.f5b32fb69a11032dd315f45dc7a946d7.jpg,train,inadequado
images/train/dr_0853_jpg.rf.8d21c6039894088ea220ef43269a284f.jpg,train,inadequado
images/train/dr_0212_jpg.rf.2435fbc9f3117046cfd40bed8788f4ac.jpg,train,inadequado
images/train/dr_0115_jpg.rf.593ae54a3ca34c425147949ee77428a1.jpg,train,inadequado
images/train/dr_0010_jpg.rf.176bad8935c67e2187659bcebc3554d7.jpg,train,inadequado
images/train/dr_0057_jpg.rf.8d7e6c13412563496083e15cf429bbd4.jpg,train,inadequado
images/train/dr_0503_jpg.rf.b37b2d4383639d58aac1cb728c52daa3.jpg,train,inadequado
images/test/dr_0129_jpg.rf.aa992cd69694d8acea8ae20613465d94.jpg,test,inadequado
images/train/dr_0867_jpg.rf.73c9ec2ead9517f8a8e184e2969c9068.jpg,train,inadequado
images/train/dr_0109_jpg.rf.286c14f393502a14ab2c8b7ea43d3bb2.jpg,train,inadequado
images/test/dr_0370_jpg.rf.32e17da21801c80dd1f2a517e4e8c0e1.jpg,test,inadequado
images/train/dr_0639_jpg.rf.3285b61e8666856937bac53219c6fbe0.jpg,train,adequado
images/train/dr_0195_jpg.rf.3b75d4df9abc053133dd5b53b59c99f3.jpg,train,inadequado
images/test/dr_0060_jpg.rf.f094ea29e65bf0c78188acbcbc5c8dcd.jpg,test,adequado
images/train/mnd_51.png,train,adequado
images/train/pdx_p3_panoramic (8).jpg,train,adequado
images/test/dr_0210_jpg.rf.96b70d0bcab51f3af08bb857b4231fa8.jpg,test,inadequado
images/train/dr_0384_jpg.rf.3d64ca2eb52fd0108723f88d37f55edd.jpg,train,inadequado
images/train/pdx_p2_104_jpg.rf.47e759e40f55516f61959cad93ac35f8.jpg,train,inadequado
images/train/dr_0166_jpg.rf.bb9982d8c962418d340d30dec2df8e8a.jpg,train,inadequado
images/train/dr_0893_jpg.rf.fa1c71a9c5bdf584142c15b7be05bdc5.jpg,train,inadequado
images/train/dr_0321_jpg.rf.0fba4cc0beeb1464cb8b67bae5fa5db1.jpg,train,inadequado
images/train/dr_0193_jpg.rf.5dbc39e2c3eeea5ed15c1f9fd050bf72.jpg,train,inadequado
images/train/dr_0609_jpg.rf.758d531136cbf66a9ea6074cca1ec685.jpg,train,inadequado
images/train/dr_0018_jpg.rf.56f8ed8a60455d6ff34ec81e762789a1.jpg,train,inadequado
images/valid/dr_0694_jpg.rf.ece0173d26fc4f53daa4079e961d47c6.jpg,valid,inadequado
images/train/dr_0685_jpg.rf.5158862f30aef846f758266f86f960f1.jpg,train,inadequado
images/train/dr_0801_jpg.rf.9e02cb5131b57e04be75c1aa31e7fb30.jpg,train,inadequado
images/train/dr_0665_jpg.rf.e28396971e4076816358b4380bb8ef61.jpg,train,inadequado
images/train/dr_0320_jpg.rf.01af7923754c344871281322fb8e5d66.jpg,train,inadequado
images/train/dr_0394_jpg.rf.fd0572fc4c748e2a11776c44354e848c.jpg,train,inadequado
images/train/dr_0695_jpg.rf.c1ec6ace89bd5a3bb1cb503a53549e48.jpg,train,inadequado
images/train/dr_0341_jpg.rf.0ffc0cffc0aeb02dd93b02750ef3f031.jpg,train,inadequado
images/train/dr_0635_jpg.rf.71bc4660639c80d309043774a629d365.jpg,train,inadequado
images/train/pdx_p2_64_jpg.rf.5c97ea5d616b16db4c527992b55eda79.jpg,train,adequado
images/train/mnd_25.png,train,inadequado
images/train/dr_0052_jpg.rf.c2fd5f08f3b4c5f786c635ce13f517fd.jpg,train,inadequado
images/train/dr_0838_jpg.rf.614afd2503305882d38531ff3790bfbb.jpg,train,inadequado
images/test/dr_0669_jpg.rf.f1e2059357f8ba42a2c88434285180de.jpg,test,inadequado
images/train/dr_0254_jpg.rf.0c76affa5f87bd3ceb559c0f8bccc3a0.jpg,train,inadequado
images/train/dr_0430_jpg.rf.fe8fba4578263fb25988f9fab0ffa761.jpg,train,inadequado
images/valid/dr_0172_jpg.rf.2152aa724cee028fbe937c8d283f0569.jpg,valid,inadequado
images/train/dr_0914_jpg.rf.19223b73e0be8fd812882756d05b1e9b.jpg,train,inadequado
images/train/dr_0030_jpg.rf.abe64b0ff10b4d0460558b5cd350a139.jpg,train,inadequado
images/train/dr_0320_jpg.rf.fb6370e77e21004881b6d8ceaf228412.jpg,train,inadequado
images/valid/dr_0091_jpg.rf.63aed96fec3e4c67b25d53034ed4c12d.jpg,valid,inadequado
images/train/dr_0256_jpg.rf.1411d256155537bcb812feea21304d6a.jpg,train,inadequado
images/train/dr_0845_jpg.rf.3c3e2da588c3263d5f5bed43ee5303b1.jpg,train,inadequado
images/train/pdx_p1_53.jpg,train,inadequado
images/valid/pdx_p1_89.jpg,valid,inadequado
images/train/dr_0199_jpg.rf.129e5ebc72167160039d7c512483cabf.jpg,train,inadequado
images/train/dr_0526_jpg.rf.9c0b26420efa003da0899d4a04fa9ee1.jpg,train,inadequado
images/train/dr_0446_jpg.rf.e8e0015f0f3532236fa3f6f37b72d959.jpg,train,inadequado
images/test/mnd_2.png,test,inadequado
images/valid/dr_0899_jpg.rf.9aa0303d14013b8904172664ee318ea0.jpg,valid,inadequado
images/train/dr_0771_jpg.rf.6e8f297c6591a61942d51c21225d03cd.jpg,train,inadequado
images/train/dr_0429_jpg.rf.3e82fdbad26ad5773e3069d2135adc85.jpg,train,adequado
images/test/pdx_p3_panoramic (46).jpg,test,adequado
images/train/dr_0522_jpg.rf.f47f5f68daa6c8f7f0fb64735cbc79eb.jpg,train,inadequado
images/train/dr_0256_jpg.rf.d9c4f2e94ef26baed162c5e3e0feab03.jpg,train,inadequado
images/train/dr_0552_jpg.rf.575e215a0ffc0069db086fd9fd8bbfdd.jpg,train,inadequado
images/valid/dr_0577_jpg.rf.1bcaac1e48244083bd30f322eb356771.jpg,valid,inadequado
images/train/dr_0050_jpg.rf.4b9cd39449a68e48e5deeb7e892f79fa.jpg,train,inadequado
images/train/dr_0130_jpg.rf.d1c7cb4c42fd97b59aeceeebed7dec13.jpg,train,inadequado
images/train/dr_0032_jpg.rf.2b9985c7ca182c111536ab6e8a080962.jpg,train,inadequado
images/train/dr_0652_jpg.rf.98964c9ac066bc39ea4658273d127d22.jpg,train,inadequado
images/test/dr_0403_jpg.rf.ba4274213b37ecd7b0bbd731d1eab084.jpg,test,adequado
images/train/dr_0491_jpg.rf.c5388c3b3f50945be600d53cc25b595b.jpg,train,inadequado
images/test/dr_0151_jpg.rf.5b81ded715693313866503d5a4da1639.jpg,test,adequado
images/train/dr_0663_jpg.rf.aef8d721ea6ffe8e888cd7a3daf32a84.jpg,train,inadequado
images/test/pdx_p1_120.jpg,test,inadequado
images/train/dr_0836_jpg.rf.379c6b643f7690624ffaad66f72ef64b.jpg,train,inadequado
images/train/mnd_41.png,train,inadequado
images/test/pdx_p1_86.jpg,test,adequado
images/train/mnd_80.png,train,adequado
images/train/pdx_p1_54.jpg,train,inadequado
images/train/dr_0335_jpg.rf.d0359cde1de9b9c10c3daa3bc248b0dc.jpg,train,inadequado
images/train/pdx_p3_panoramic (21).jpg,train,inadequado
images/train/dr_0991_jpg.rf.ea947b399b3d033fec021f7f66960dee.jpg,train,inadequado
images/train/mnd_77.png,train,adequado
images/train/dr_0792_jpg.rf.0d34579ed0d55b744ab119e1ffa74d2c.jpg,train,inadequado
images/test/dr_0485_jpg.rf.09576812fc790cab5da2f6a5ceafe25f.jpg,test,inadequado
images/train/dr_0959_jpg.rf.3f2d5b38e6a366d9533cce193aebc969.jpg,train,inadequado
images/train/dr_0135_jpg.rf.8e570bb3630b3fc116a1a7cc457a3c4b.jpg,train,inadequado
images/valid/mnd_17.png,valid,inadequado
images/train/dr_0771_jpg.rf.3055ae517e98ecac1db5fafd3aeb20a9.jpg,train,inadequado
images/train/dr_0112_jpg.rf.35ae566d24308af074ef2f537ef1e796.jpg,train,inadequado
images/train/dr_0665_jpg.rf.6a3940d4ba8bee7c4301191c8ac115e5.jpg,train,inadequado
images/train/dr_0940_jpg.rf.cefc590b1552135d674f4badc41ce8fa.jpg,train,inadequado
images/valid/dr_0977_jpg.rf.48b8ddb9c4a4b08d81b58d6241cbf83d.jpg,valid,inadequado
images/train/pdx_p1_66.jpg,train,adequado
images/train/dr_0163_jpg.rf.9da3a40d8bb82c6077def7e3dc310a0b.jpg,train,inadequado
images/train/dr_0911_jpg.rf.11ba7bcbbd3056174e462824c85bcdd8.jpg,train,inadequado
images/train/pdx_p3_panoramic (19).jpg,train,inadequado
images/train/dr_0064_jpg.rf.ec3257eaccc7d94df42fa54ea520f7c1.jpg,train,inadequado
images/train/dr_0575_jpg.rf.3b439d56b07548ab016c5c8750a63bf5.jpg,train,inadequado
images/train/pdx_p2_112_jpg.rf.075178d8a6a898851ba85bbb054a9b4c.jpg,train,inadequado
images/train/pdx_p2_39_jpg.rf.15fedca3e011075cd90eed5ee4bffc08.jpg,train,inadequado
images/train/pdx_p2_122_jpg.rf.b466b740d59f15b0eceac4161778be8e.jpg,train,inadequado
images/train/dr_0633_jpg.rf.ffc4c0a32499dc401ddf247474d7e170.jpg,train,inadequado
images/train/pdx_p1_42.jpg,train,inadequado
images/train/dr_0330_jpg.rf.16c89c591f50ef0b3d1dfc296e7926f9.jpg,train,inadequado
images/train/dr_0016_jpg.rf.e993817235fb90395eef6b767122aa90.jpg,train,inadequado
images/train/dr_0604_jpg.rf.3b26cf3cd20aa6b73dcc6214eaf87d8c.jpg,train,inadequado
images/train/dr_0782_jpg.rf.f3081c9cd18a0094dacaebe615f7b90e.jpg,train,inadequado
images/test/dr_0700_jpg.rf.1cf7f2dd7c9cd0a65b6213009e8cc43d.jpg,test,inadequado
images/train/dr_0379_jpg.rf.bd1cebada1fc22b495734f3c40c33c69.jpg,train,inadequado
images/train/dr_0914_jpg.rf.f6f25052c3571ed02ac9c0088dd8c338.jpg,train,inadequado
images/train/dr_0734_jpg.rf.718b40cead83bac2045db7dc0ecf60f0.jpg,train,inadequado
images/train/dr_0645_jpg.rf.e317a75dfd18dc9f572c2fb511e0615a.jpg,train,inadequado
images/train/dr_0909_jpg.rf.cca06d0a2a0156e2e4a17461d6ce7d28.jpg,train,inadequado
images/valid/dr_0885_jpg.rf.9deddc2e027abf4c28e98241c57998e8.jpg,valid,inadequado
images/train/dr_0550_jpg.rf.5f80702e45fa1c707bc139d056948100.jpg,train,inadequado
images/train/pdx_p1_82.jpg,train,inadequado
images/train/dr_0718_jpg.rf.6ecb763ae7d2ab9765075c76aa6fd967.jpg,train,inadequado
images/train/dr_0251_jpg.rf.09f9ba621f769dac37433e6c76e16b43.jpg,train,inadequado
images/train/dr_0926_jpg.rf.6fdae2c41c948843e0532cb22188cc32.jpg,train,inadequado
images/valid/dr_0463_jpg.rf.adc570a9de38c884cdf7820e5420b0e4.jpg,valid,inadequado
images/train/mnd_108.png,train,inadequado
images/train/dr_0373_jpg.rf.c943db8ab9e7136d1b09e6d78c8afd55.jpg,train,inadequado
images/train/dr_0942_jpg.rf.30a1ca2535227dcafb877f865f94f4ca.jpg,train,adequado
images/train/dr_0842_jpg.rf.86d868d67c78775647322bdca64118b5.jpg,train,inadequado
images/valid/dr_0711_jpg.rf.9400d7d1c73565b9221171b9457b2082.jpg,valid,inadequado
images/train/dr_0349_jpg.rf.581c86b6414c48d6e8892dde3b43abfc.jpg,train,inadequado
images/valid/pdx_p3_panoramic (40).jpg,valid,adequado
images/train/dr_0532_jpg.rf.4ec59fc260b148ba8b3539d95158fb00.jpg,train,inadequado
images/train/mnd_40.png,train,inadequado
images/train/dr_0744_jpg.rf.e2f75fd99ee9d1297819047273c989a6.jpg,train,adequado
images/train/dr_0208_jpg.rf.512e25169e90d444e003ec7da731a784.jpg,train,inadequado
images/train/pdx_p2_99_jpg.rf.852dba1a1ee1a6f93097c01f7aa13e3c.jpg,train,inadequado
images/train/dr_0283_jpg.rf.ebba77db440fe597b007919525292a29.jpg,train,adequado
images/test/dr_0161_jpg.rf.a54ad347955227c3eb7d1cfb1af9c51e.jpg,test,inadequado
images/train/dr_0235_jpg.rf.0a0f3ea44675a9eb3abfe8ff16bfc8cf.jpg,train,inadequado
images/train/dr_0145_jpg.rf.b8d4fd12040d4339f83c9d2df13b1c64.jpg,train,inadequado
images/train/pdx_p2_50_jpg.rf.05c0b85f55fbb2f21845270ebeb3f615.jpg,train,adequado
images/valid/dr_0447_jpg.rf.0f4573e2ec4ac41dde484c6b0ea1d31d.jpg,valid,inadequado
images/valid/dr_0150_jpg.rf.a80e14d901f34469b81be6f569f7c5cc.jpg,valid,inadequado
images/train/dr_0170_jpg.rf.6631c1b53387b0cb420a4dda68221a05.jpg,train,inadequado
images/train/dr_0020_jpg.rf.7c945126fa01aee26f459ffcb9ba64c4.jpg,train,adequado
images/train/dr_0352_jpg.rf.33c4be8d62b65e3fa545cf76fae52663.jpg,train,adequado
images/train/dr_0841_jpg.rf.b16aa02656a22bb00eb61204262797c7.jpg,train,inadequado
images/train/dr_0812_jpg.rf.d21b197985af0893b59a89e9a231ca99.jpg,train,inadequado
images/train/dr_0513_jpg.rf.c49e9e4fbf8c37bca68fc0549bc08984.jpg,train,inadequado
images/train/dr_0027_jpg.rf.c4e40193dec7c089a48c1024c07d67ad.jpg,train,inadequado
images/train/dr_0674_jpg.rf.05cf19687fc74d2640ca1cf950ad2a2a.jpg,train,inadequado
images/train/dr_0457_jpg.rf.2f669249ff4824794de1216e2b13342d.jpg,train,inadequado
images/train/pdx_p2_114_jpg.rf.44b25e70b9e8e6a8a59e4a1fceeca073.jpg,train,inadequado
images/train/dr_0889_jpg.rf.8ceefccc204d94491a7eaa08733b6c77.jpg,train,inadequado
images/valid/dr_0355_jpg.rf.e3e6daab192a51e715ef9fc3394f2a76.jpg,valid,inadequado
images/train/dr_0795_jpg.rf.e5e0e5a49c425a24090b1781ee0e77cb.jpg,train,inadequado
images/train/dr_0411_jpg.rf.c856ec74c79263007374c756c7d5b4e6.jpg,train,inadequado
images/train/dr_0860_jpg.rf.16b40cf1ed30b57ce376f3a2eeb7abcc.jpg,train,inadequado
images/train/mnd_92.png,train,inadequado
images/train/dr_0287_jpg.rf.1291803cffcb43bdb6fb65569990b970.jpg,train,inadequado
images/train/dr_0336_jpg.rf.d3078a4c9ae5285eff1e31e422458692.jpg,train,inadequado
images/test/mnd_8.png,test,inadequado
images/train/pdx_p2_53_jpg.rf.0091217c9c1812c005771caf1f4c49f9.jpg,train,adequado
images/train/dr_0145_jpg.rf.5ac75327c6afb37b942fb20a20db6955.jpg,train,adequado
images/train/dr_0006_jpg.rf.3247261244fe482ceba35bd771f399aa.jpg,train,adequado
images/train/dr_0212_jpg.rf.e2db14f7f6fc439b1b051440f6d3645b.jpg,train,inadequado
images/train/dr_0104_jpg.rf.6ffd72a07a31a49dbca8550311f61912.jpg,train,inadequado
images/train/dr_0064_jpg.rf.1b3b26905a246b00194b0c6eb7c1baf0.jpg,train,adequado
images/valid/dr_0944_jpg.rf.d5264a28766c902fc8a4bf09ea708f5d.jpg,valid,inadequado
images/test/mnd_43.png,test,adequado
images/train/mnd_81.png,train,adequado
images/test/dr_0724_jpg.rf.ad2c320086d82168e84b8576910ce244.jpg,test,inadequado
images/test/dr_0545_jpg.rf.72449d9f3ad7aebeff3a4351bce2dd6e.jpg,test,inadequado
images/train/dr_0457_jpg.rf.a11cb0d4e984d1151890f96716037f24.jpg,train,inadequado
images/train/pdx_p1_71.jpg,train,inadequado
images/train/pdx_p3_panoramic (31).jpg,train,adequado
images/train/dr_0734_jpg.rf.073277eef70c77d5e583e364fcb58d85.jpg,train,inadequado
images/train/dr_0400_jpg.rf.a6b1f6ab8fa5be020dbb72193dcd4208.jpg,train,inadequado
images/train/dr_0373_jpg.rf.21bb06166d9fab2cd374584cd088d918.jpg,train,adequado
images/test/pdx_p2_48_jpg.rf.af8fc4981c2b8148d9f46672946c72e7.jpg,test,adequado
images/train/dr_0608_jpg.rf.32eb646f6617a5cfeb534332af85db3c.jpg,train,inadequado
images/train/dr_0656_jpg.rf.4c7f031da86074556a95024e0bbc759f.jpg,train,inadequado
images/train/mnd_54.png,train,adequado
images/train/dr_0310_jpg.rf.f3babf8664aae0f70d1150714f715cb9.jpg,train,inadequado
images/train/dr_0379_jpg.rf.7e138a379a456227c22b1364690f9a0a.jpg,train,inadequado
images/valid/mnd_64.png,valid,inadequado
images/train/dr_0108_jpg.rf.5248b07a4508559ad8bd4a367ebdef39.jpg,train,inadequado
images/train/dr_0851_jpg.rf.3869e4ab035ca32feed7c419ecb1871b.jpg,train,inadequado
images/train/dr_0675_jpg.rf.42f4255efb02410004618f5f2d5719b0.jpg,train,inadequado
images/train/dr_0144_jpg.rf.cd944654cce9d06bc7f31dcec922ee29.jpg,train,inadequado
images/valid/dr_0478_jpg.rf.704066584b84f91fa12ef00316c76c8d.jpg,valid,inadequado
images/train/pdx_p1_59.jpg,train,inadequado
images/train/dr_0731_jpg.rf.66cbd9d3757fa4ddfb32ca38174d0bb0.jpg,train,inadequado
images/train/dr_0171_jpg.rf.850e47b4642d3671f7864cb0ec4012ae.jpg,train,inadequado
images/train/pdx_p3_panoramic (47).jpg,train,adequado
images/train/dr_0423_jpg.rf.90d927b99a2f00bee54e29a9f0c4f531.jpg,train,inadequado
images/valid/dr_0931_jpg.rf.bdb38638a132d32a13b0e182e7b7eb30.jpg,valid,inadequado
images/valid/dr_0723_jpg.rf.5253a6ca976c20b30e1f22dba018ed78.jpg,valid,inadequado
images/train/dr_0768_jpg.rf.d44ff098dca65107ab4d68f453ce1471.jpg,train,inadequado
images/train/dr_0412_jpg.rf.8f62e89aef8784df1d2803ab28fdf98b.jpg,train,inadequado
images/train/dr_0533_jpg.rf.a30f0a5de7ea37cc0de7101d67e3437c.jpg,train,inadequado
images/train/mnd_113.png,train,adequado
images/train/dr_0672_jpg.rf.6c103103d9899a5d992836ed03ade172.jpg,train,inadequado
images/train/pdx_p1_106.jpg,train,inadequado
images/train/dr_0888_jpg.rf.18bb6cc40d5ad58ed34edad5524e117f.jpg,train,inadequado
images/train/pdx_p3_panoramic (29).jpg,train,inadequado
images/train/dr_0291_jpg.rf.beb0d60e74991813ed9a3434d030cce1.jpg,train,inadequado
images/train/dr_0120_jpg.rf.a2613fc285ab4414eef4285dc6ce88ad.jpg,train,inadequado
images/train/dr_0592_jpg.rf.e550f58e748a1b1dc71fbb65e53ee8a6.jpg,train,inadequado
images/train/dr_0860_jpg.rf.9ebcc206343d49aac9f4c5c67518e476.jpg,train,inadequado
images/train/dr_0460_jpg.rf.8abffa68abfe8b27b4a89ed0542a1721.jpg,train,adequado
images/train/dr_0266_jpg.rf.a8b17e3a8803552a4611c663cacb20c2.jpg,train,inadequado
images/train/dr_0401_jpg.rf.4ee77b28f8a16c155427c0843370684c.jpg,train,inadequado
images/train/mnd_95.png,train,adequado
images/train/dr_0549_jpg.rf.25208c44c009d6f136f633c4c718a00b.jpg,train,inadequado
images/train/dr_0458_jpg.rf.f0e78d64346ad6b4fe97ad1ab13f1a6c.jpg,train,inadequado
images/train/dr_0672_jpg.rf.2a785882e728780e4d50a467cfd8a66b.jpg,train,inadequado
images/train/pdx_p2_30_jpg.rf.d2276a3348ef673f2d5188f702295bcd.jpg,train,adequado
images/train/dr_0469_jpg.rf.8a99eff88ab8a153e0f3df631999b875.jpg,train,inadequado
images/train/dr_0510_jpg.rf.83784442c9d736fd170cffeb8fb53c8d.jpg,train,adequado
images/train/dr_0888_jpg.rf.5b00cba91321f815bf4a266a3a1af8f4.jpg,train,inadequado
images/train/dr_0171_jpg.rf.ffd2ca9b6a889b38539482fbde171906.jpg,train,inadequado
images/train/dr_0469_jpg.rf.00a2787a90dea3957733818a0eb5202c.jpg,train,inadequado
images/test/dr_0007_jpg.rf.3699155bba57d7aecb1aa801a698ba20.jpg,test,adequado
images/train/dr_0028_jpg.rf.5c8587fb90b3b6ec83ec7e4a16cf611f.jpg,train,inadequado
images/train/dr_0533_jpg.rf.df5ac7e2944cc2b2b3856912ca3e733a.jpg,train,inadequado
images/train/dr_0542_jpg.rf.b9ee01275de64263fa7d2dbe9f0340bd.jpg,train,inadequado
images/train/dr_0352_jpg.rf.dd9825dd0befffc74f8a5886049c2b2b.jpg,train,adequado
images/train/dr_0966_jpg.rf.5a4e9cbe94a8baf81eab0cc7a927b0e7.jpg,train,inadequado
images/train/dr_0010_jpg.rf.61c97bc4101011d167d3b29a18d26bfc.jpg,train,inadequado
images/train/dr_0426_jpg.rf.8cba15b0e22e015a30b649078dfeb395.jpg,train,adequado
images/train/mnd_14.png,train,adequado
images/train/dr_0590_jpg.rf.c5371852a5668362741312227f560350.jpg,train,inadequado
images/train/dr_0822_jpg.rf.3ea8fdcb3ff7e41172b99542bc0d9490.jpg,train,inadequado
images/train/dr_0083_jpg.rf.827872bd16ef507247e89a52f3084d1c.jpg,train,inadequado
images/train/mnd_115.png,train,adequado
images/test/pdx_p2_110_jpg.rf.a66622ece5ed7de70d2dae6dae739065.jpg,test,adequado
images/test/pdx_p1_21.jpg,test,inadequado
images/train/dr_0179_jpg.rf.835a717f6301d4c54282c8cf3f34d9ac.jpg,train,inadequado
images/train/dr_0486_jpg.rf.76819c8018c8febdc28be2a447fa1cf3.jpg,train,inadequado
images/train/dr_0757_jpg.rf.236e12902732414997a06e6f18e329cc.jpg,train,inadequado
images/train/dr_0066_jpg.rf.ef19ffd9d9e9ee6a94b1ce84598a0393.jpg,train,inadequado
images/train/pdx_p1_49.jpg,train,inadequado
images/valid/dr_0249_jpg.rf.5b54abe672fb6b47fa1399636d0d6aa0.jpg,valid,inadequado
images/train/dr_0911_jpg.rf.3b738b304460ae0e53ebd910801e8445.jpg,train,adequado
images/train/dr_0184_jpg.rf.68df51a9f1da78d89be42617045a5513.jpg,train,inadequado
images/train/dr_0199_jpg.rf.7cc60d4182da504a58474aea921250a5.jpg,train,inadequado
images/test/dr_0139_jpg.rf.d4cd5163c13152c77c8982cf80a17a84.jpg,test,adequado
images/train/dr_0024_jpg.rf.2f510cfa6ddbba4d18f7c0241af02748.jpg,train,inadequado
images/train/mnd_53.png,train,adequado
images/train/dr_0867_jpg.rf.cb9ce537626e49dfc1ccc2c8f26caf15.jpg,train,inadequado
images/train/mnd_3.png,train,inadequado
images/train/dr_0260_jpg.rf.46478b16a817bdc57e3071f5cfc9e8c1.jpg,train,inadequado
images/train/pdx_p1_4.jpg,train,inadequado
images/train/dr_0637_jpg.rf.f2725eb779efefec5e5117e4122977c3.jpg,train,inadequado
images/train/dr_0051_jpg.rf.8488c6bfe540f9a79ae7d490e2fab827.jpg,train,inadequado
images/train/dr_0202_jpg.rf.e8c867b3ae2f4e0259b6faf3df7c1e85.jpg,train,inadequado
images/test/dr_0277_jpg.rf.5ce1f22a0e596c40a1e0f0d901a42f73.jpg,test,inadequado
images/train/dr_0841_jpg.rf.45fc34e0599ba4c0acd0c74403d0aca5.jpg,train,inadequado
images/train/pdx_p1_75.jpg,train,adequado
images/train/pdx_p1_64.jpg,train,adequado
images/train/dr_0486_jpg.rf.49bf081dfa33551e183323e77839cb03.jpg,train,inadequado
images/test/pdx_p1_111.jpg,test,adequado
images/train/dr_0774_jpg.rf.d065f14b7bb0933dbd1f2d63a6583f00.jpg,train,inadequado
images/test/dr_0095_jpg.rf.d7773e0afb13f54a3e6244079b483ab2.jpg,test,inadequado
images/train/dr_0588_jpg.rf.b8c5f3ea51a709a2ce6b81d09cefd02f.jpg,train,inadequado
images/train/dr_0236_jpg.rf.1eaa39e89ab625ef7603485ac3dfcc41.jpg,train,inadequado
images/train/dr_0088_jpg.rf.3bc42301f927e6216153339fc539bfdd.jpg,train,inadequado
images/valid/dr_0835_jpg.rf.1c4c9ebcfee3d197b9e06fe7ad79713b.jpg,valid,inadequado
images/train/dr_0119_jpg.rf.53f624e8b7794f36e9154f1ebc19785a.jpg,train,inadequado
images/valid/dr_0878_jpg.rf.78ef2a6b6ad228db74e583701c39cd39.jpg,valid,inadequado
images/train/dr_0738_jpg.rf.54101cdc0700ce9f48413311f4941773.jpg,train,inadequado
images/train/dr_0409_jpg.rf.8e32c04e5d035c676bea28943cb74898.jpg,train,inadequado
images/train/dr_0605_jpg.rf.e7223373f2490db1fdfa4ff525f961df.jpg,train,inadequado
images/train/dr_0177_jpg.rf.81577245f8370744eb09b4b0e2b36da3.jpg,train,inadequado
images/train/dr_0077_jpg.rf.1011e6a26f5f2e6662bb66f4a5dc6b68.jpg,train,inadequado
images/train/dr_0242_jpg.rf.d1a2bb76d8121be65ee2e8a97049ea34.jpg,train,inadequado
images/train/dr_0346_jpg.rf.6d397e731328ccbb7d7ab90441eebfe5.jpg,train,inadequado
images/train/pdx_p1_122.jpg,train,inadequado
images/train/dr_0566_jpg.rf.9bb8bbf4fe611b325e18b331f460d349.jpg,train,inadequado
images/valid/pdx_p2_28_jpg.rf.429a89a3e8e62fcb6632cee7e986b86b.jpg,valid,inadequado
images/train/dr_0927_jpg.rf.85b9cd8c9c5532606b76781d27165184.jpg,train,inadequado
images/train/dr_0205_jpg.rf.de80511ace50e256d50ac3d92f216728.jpg,train,inadequado
images/test/pdx_p3_panoramic (17).jpg,test,inadequado
images/test/mnd_72.png,test,adequado
images/train/dr_0584_jpg.rf.c61d3471eb1948945517708088103648.jpg,train,inadequado
images/train/dr_0458_jpg.rf.7f3cc5e1f3e8b8ffbfe204723422b937.jpg,train,inadequado
images/train/dr_0647_jpg.rf.4a8d86bb6648fa00f99b27849947a2d8.jpg,train,inadequado
images/train/dr_0581_jpg.rf.7c87e555c68dc39f0472f1a2ad5e984b.jpg,train,inadequado
images/test/dr_0061_jpg.rf.3188dc5179f4b6d600459b1aeba93e87.jpg,test,inadequado
images/train/dr_0675_jpg.rf.22704579f0b9133fab35e68a1dc08f43.jpg,train,inadequado
images/train/pdx_p3_panoramic (24).jpg,train,adequado
images/train/dr_0309_jpg.rf.e5a518937e4a91948e7e04fabb3045a0.jpg,train,inadequado
images/train/dr_0167_jpg.rf.b56a7f5ee06bf58e0ffe96ce2b975d06.jpg,train,inadequado
images/train/dr_0408_jpg.rf.bdfc73e3b551ff9a69a4eff0363719ee.jpg,train,inadequado
images/test/dr_0136_jpg.rf.03e2aec8ec77594665dd1abc68d47bd3.jpg,test,inadequado
images/train/dr_0457_jpg.rf.9c2a8f58db146e6320c0559949d44b55.jpg,train,inadequado
images/train/dr_0647_jpg.rf.f781b5772cc34b7c5de903f36aa38467.jpg,train,inadequado
images/train/dr_0026_jpg.rf.27033fd1648c42a71bcf1ea3562dfdb7.jpg,train,inadequado
images/train/dr_0924_jpg.rf.2b0cb3582dbf3c975d78ea84af92b086.jpg,train,inadequado
images/train/dr_0013_jpg.rf.fe31da3a7072b3d3e5d2b5ae6a8cb18b.jpg,train,inadequado
images/valid/pdx_p2_24_jpg.rf.d2758eea915742f2384a14150d52b7fc.jpg,valid,inadequado
images/train/dr_0301_jpg.rf.c6352591bd1959de9ed6f9927356ce63.jpg,train,inadequado
images/train/dr_0375_jpg.rf.0655c165c42990dc87eda5022a5bf59a.jpg,train,inadequado
images/train/dr_0828_jpg.rf.73ee54d9dbc61a55fc450a5d00ca195c.jpg,train,inadequado
images/train/dr_0521_jpg.rf.10015cd48f06e6a616956f479433b5c8.jpg,train,inadequado
images/train/dr_0581_jpg.rf.1ebaadf09653fade0d824804f38e5d32.jpg,train,inadequado
images/train/dr_0919_jpg.rf.1a7c4e0ece84e0394076982e6ff68b02.jpg,train,inadequado
images/train/pdx_p2_37_jpg.rf.ce00c466b55a1070adf2222dce035bb4.jpg,train,inadequado
images/train/mnd_32.png,train,adequado
images/train/dr_0603_jpg.rf.3578c6ef8b72f84749c3e1f552683eab.jpg,train,inadequado
images/train/mnd_6.png,train,inadequado
images/train/dr_0847_jpg.rf.c3c582c908ad21b6b69443fcad3b8d4b.jpg,train,inadequado
images/train/mnd_84.png,train,inadequado
images/train/pdx_p1_12.jpg,train,inadequado
images/train/dr_0027_jpg.rf.896be2bd03954080c5062ecaeed2c91f.jpg,train,inadequado
images/train/mnd_103.png,train,adequado
images/train/pdx_p1_55.jpg,train,adequado
images/train/dr_0662_jpg.rf.aab1a64d81245e26321d17dc94f4f7bf.jpg,train,inadequado
images/train/mnd_106.png,train,inadequado
images/train/dr_0350_jpg.rf.343a7cb2e68307662a37141a346714c1.jpg,train,inadequado
images/train/mnd_71.png,train,inadequado
images/train/dr_0024_jpg.rf.b911ffce5a49f6b6a7965de66c4a82e6.jpg,train,inadequado
images/train/dr_0660_jpg.rf.3f133833a18b912b701dc3bc186978e2.jpg,train,inadequado
images/train/dr_0789_jpg.rf.6ba027726f0580d54d6635be00468698.jpg,train,inadequado
images/train/dr_0266_jpg.rf.d2cc38bf7a1457bff27c16b207909504.jpg,train,inadequado
images/train/mnd_27.png,train,inadequado
images/train/dr_0687_jpg.rf.a2eff79f469f73cf4df73d9acde1ddd9.jpg,train,inadequado
images/train/dr_0803_jpg.rf.6720c248cd89a1e23aa91db51492b764.jpg,train,inadequado
images/valid/dr_0922_jpg.rf.00711e3f9caf9ea81e2a0aeb94d54ced.jpg,valid,inadequado
images/test/dr_0305_jpg.rf.36d82670c3421c0004a468fe4047f470.jpg,test,inadequado
images/train/pdx_p2_83_jpg.rf.34e4d879f53ff00e255021104facf738.jpg,train,adequado
images/train/pdx_p1_29.jpg,train,adequado
images/train/dr_0626_jpg.rf.1f58eb4f7f91f7bfd1eb687890000331.jpg,train,inadequado
images/train/dr_0071_jpg.rf.d52478b471ee1e43980e24bd2e6bddaf.jpg,train,inadequado
images/train/dr_0774_jpg.rf.987acddde67072f7a96f49ed100d4ba6.jpg,train,inadequado
images/train/dr_0029_jpg.rf.8a694d2007cceb4e37d3af3cfc062ac4.jpg,train,inadequado
images/train/dr_0392_jpg.rf.55e6aa8f9ce327a7abead14f456dfdc5.jpg,train,inadequado
images/train/dr_0550_jpg.rf.3ff603df82c180d448dd6e79e655f234.jpg,train,inadequado
images/train/dr_0393_jpg.rf.c74101e2b81ee63f680c8ed1065bcab0.jpg,train,adequado
images/train/dr_0178_jpg.rf.b586f4401f91c09e46097e48f7aaeb40.jpg,train,inadequado
images/train/dr_0660_jpg.rf.755ea2f5beafd1b47bf5c1a93a81371b.jpg,train,inadequado
images/train/dr_0587_jpg.rf.4e7a6cbeeecb025165b86a1a1eb0dc0c.jpg,train,inadequado
images/train/pdx_p1_90.jpg,train,inadequado
images/test/dr_0538_jpg.rf.3aa73262a625104b61fa05c176d468fc.jpg,test,inadequado
images/train/dr_0718_jpg.rf.aa0fc6c081ccae130dfc9e0ef8677bad.jpg,train,inadequado
images/train/dr_0117_jpg.rf.4dd5f505a492d8a001f608a1f141547e.jpg,train,inadequado
images/valid/dr_0297_jpg.rf.e50e81d8f74e22fdde118ca9d52e0627.jpg,valid,inadequado
images/train/dr_0090_jpg.rf.0240b82bd886b1b2f632cd6f62172f3d.jpg,train,inadequado
images/train/dr_0642_jpg.rf.a1d114d217f5cd69e397fb1e2ce29e62.jpg,train,inadequado
images/train/dr_0083_jpg.rf.53ef5461bb01354a5743cbb903274059.jpg,train,inadequado
images/train/pdx_p2_25_jpg.rf.6c712fc4f052a480881d84de1001e184.jpg,train,inadequado
images/train/dr_0358_jpg.rf.272bf22ae4a8b2f7f911cba6d0a09fc0.jpg,train,inadequado
images/train/dr_0047_jpg.rf.90a3cf6b1bd4a2120e8ec8108d0e5a5d.jpg,train,inadequado
images/train/dr_0400_jpg.rf.43874f272128dcc1b112031537f982e8.jpg,train,inadequado
images/train/dr_0043_jpg.rf.843afa28627b222f727ca7d98ba07f98.jpg,train,inadequado
images/train/dr_0386_jpg.rf.839cfc804a6130c1bed9e83d57f1bbb3.jpg,train,inadequado
images/train/dr_0333_jpg.rf.8ab567a59f13099098eff3a65d3d9fb3.jpg,train,inadequado
images/train/pdx_p1_100.jpg,train,inadequado
images/train/dr_0789_jpg.rf.03a2f051f87a81b9cc677242607ccd89.jpg,train,inadequado
images/train/dr_0328_jpg.rf.642692efd798286d1225538be4a2a746.jpg,train,inadequado
images/test/dr_0074_jpg.rf.bc31f3d89ccb17453e7558a14bd6d5de.jpg,test,inadequado
images/train/dr_0664_jpg.rf.f13354e4a9a99ad23b94b9787c83f2c7.jpg,train,inadequado
images/train/dr_0574_jpg.rf.95be26e32b3474addaf2ccf7fe49e1cc.jpg,train,adequado
images/train/mnd_85.png,train,inadequado
images/train/dr_0232_jpg.rf.1632ccd65c8ac4c2d95e98d433ac2726.jpg,train,inadequado
images/train/dr_0363_jpg.rf.77aa662081f0582a8d18475f9ffebe1a.jpg,train,inadequado
images/train/dr_0104_jpg.rf.52d4e475d256203def9da1664f30462a.jpg,train,inadequado
images/train/pdx_p1_58.jpg,train,inadequado
images/train/dr_0932_jpg.rf.d946bb0236e5b75b3d7dffe5aadb8a98.jpg,train,inadequado
images/train/dr_0924_jpg.rf.ca22ac4f0410d653c9a884faa3cb2c43.jpg,train,inadequado
images/valid/dr_0470_jpg.rf.0a8b72d0887e6c7ba3839d8998f7b677.jpg,valid,inadequado
images/train/dr_0780_jpg.rf.cd154c834786e3db7e9de5becc776799.jpg,train,inadequado
images/train/dr_0222_jpg.rf.945d197cdabf23179e06c46cf6c68bf1.jpg,train,inadequado
images/train/mnd_74.png,train,adequado
images/train/dr_0429_jpg.rf.7954b8a3eda251723c9db93aa262e4a9.jpg,train,inadequado
images/train/pdx_p3_panoramic (5).jpg,train,adequado
images/valid/mnd_7.png,valid,inadequado
images/valid/pdx_p1_35.jpg,valid,inadequado
images/train/dr_0025_jpg.rf.0f576055dc9afea065ac16da7cdd7456.jpg,train,inadequado
images/train/dr_0058_jpg.rf.792d1ba8e3ffbb5f97ae217b6ac1ad35.jpg,train,inadequado
images/train/dr_0120_jpg.rf.7fe3c726c403ebbc1a525332b94460b4.jpg,train,inadequado
images/train/dr_0178_jpg.rf.310e22b866a833c734f43d8b72a76447.jpg,train,inadequado
images/train/mnd_28.png,train,adequado
images/train/pdx_p1_108.jpg,train,adequado
images/train/dr_0195_jpg.rf.c09ee8f8950d8512ef73bf9052ec2a6c.jpg,train,inadequado
images/valid/dr_0511_jpg.rf.b1326c3c6b6a7912bf59256595ad5ab6.jpg,valid,inadequado
images/train/dr_0816_jpg.rf.f149d0aeb7cc71ab815ebb502fa08a45.jpg,train,inadequado
images/train/mnd_4.png,train,inadequado
images/train/dr_0784_jpg.rf.14e2af3e52f27e790129131e9f238dda.jpg,train,inadequado
images/valid/dr_0441_jpg.rf.20ee3402a902dc1759a2a72bb25aa663.jpg,valid,inadequado
images/train/dr_0067_jpg.rf.39355457a2a92d9e8a94529681fb1783.jpg,train,inadequado
images/train/dr_0682_jpg.rf.e55dee1037c90d9b10f13f4e686b6308.jpg,train,inadequado
images/train/dr_0303_jpg.rf.f46c570389da9111d7a0ada3689f0a06.jpg,train,inadequado
images/train/dr_0872_jpg.rf.20c474b1d145240dd5adfa24ca27d6f6.jpg,train,inadequado
images/train/dr_0047_jpg.rf.b701489fdda45045994f30a6962d8edb.jpg,train,inadequado
images/train/dr_0896_jpg.rf.f9fb2e494137eb0e98ae3f19c25b9149.jpg,train,inadequado
images/train/dr_0652_jpg.rf.0fc3a18d0b4d024fcc4db12973283e84.jpg,train,inadequado
images/train/dr_0754_jpg.rf.db2bd5c2b60f60c565a2fa1b49d81d91.jpg,train,inadequado
images/train/dr_0588_jpg.rf.361dcb36324e52a53c0740bcc62614f9.jpg,train,inadequado
images/train/dr_0429_jpg.rf.37ef0b5e109b1080a0e536cb82787df0.jpg,train,inadequado
images/valid/pdx_p2_47_jpg.rf.7276520c7bba2814a5f3c81e7ee37ceb.jpg,valid,inadequado
images/train/dr_0324_jpg.rf.787d9c14a52f2b8352566449733740da.jpg,train,inadequado
images/train/dr_0705_jpg.rf.57e573e0f28ad5020ec9ae610cebd7c9.jpg,train,inadequado
images/train/dr_0796_jpg.rf.6f1f5702468506db0724659188b7c0b6.jpg,train,inadequado
images/train/dr_0402_jpg.rf.3e85d54007305f58a1e5b506d31fb366.jpg,train,inadequado
images/train/mnd_12.png,train,inadequado
images/train/dr_0479_jpg.rf.1b1638198c356ef74ec0a530cac68d41.jpg,train,inadequado
images/train/pdx_p2_105_jpg.rf.b09e4776c30a3a6f42459674b874fb20.jpg,train,inadequado
images/train/dr_0120_jpg.rf.ff60464b44b406588898d3f183425ad0.jpg,train,inadequado
images/train/dr_0602_jpg.rf.64777d8cbee9969c9cb457e64662587f.jpg,train,inadequado
images/train/dr_0217_jpg.rf.b21d198dfc0ce564889cbf2a2912f98d.jpg,train,inadequado
images/train/dr_0410_jpg.rf.9ab62419ef3178efc7f8224e75564f9c.jpg,train,inadequado
images/valid/dr_0997_jpg.rf.0b8eb321c8d305e59a0fee63c5d88097.jpg,valid,inadequado
images/valid/dr_0823_jpg.rf.a47d3c1efbc80e2cfddb080ce99c05b8.jpg,valid,inadequado
images/valid/mnd_59.png,valid,inadequado
images/train/dr_0653_jpg.rf.9660d16b30dd45d8bc673255f38cba41.jpg,train,inadequado
images/train/pdx_p3_panoramic (6).jpg,train,adequado
images/train/dr_0819_jpg.rf.fa176dcb686f124f385b8896e26ae96f.jpg,train,inadequado
images/train/dr_0116_jpg.rf.e61be7fd6db9967250b6f8284319353e.jpg,train,inadequado
images/train/dr_0513_jpg.rf.355ccee9d6028c72976193a05fd4b960.jpg,train,inadequado
images/valid/dr_0589_jpg.rf.b1a0477a3d6c24ec7e52e26bbd7b9d15.jpg,valid,inadequado
images/valid/dr_0606_jpg.rf.2561e7f44e0cf5ddf7021ba70c258f84.jpg,valid,inadequado
images/test/dr_0168_jpg.rf.99cc9d1eae8cd16603df5ca3e11e4cf4.jpg,test,inadequado
images/train/dr_0310_jpg.rf.a9d65e3b22dfccd8a59e5263ee64cf50.jpg,train,inadequado
images/train/dr_0705_jpg.rf.1bfae729e5e07ff1d09d4e55bd5761a8.jpg,train,inadequado
images/test/pdx_p3_panoramic (22).jpg,test,adequado
images/train/dr_0160_jpg.rf.aba5a72f4bc67263d318674d3c7ca9bb.jpg,train,inadequado
images/train/pdx_p3_panoramic (48).jpg,train,adequado
images/train/dr_0099_jpg.rf.934dcc4bfa7a3f2dcee0f9dbc36cb039.jpg,train,inadequado
images/train/dr_0466_jpg.rf.ab1b22cf0ba571a600398157ac7e79e8.jpg,train,inadequado
images/train/dr_0388_jpg.rf.196d46f68aed80974d056f90cb9b7b80.jpg,train,inadequado
images/train/dr_0084_jpg.rf.f6576e51d0f2ea8d8491d2a37047c002.jpg,train,inadequado
images/train/dr_0372_jpg.rf.44350465c9e854e4b54c527fe1fc840f.jpg,train,adequado
images/train/dr_0135_jpg.rf.13af46a49a1466541601112ab05edc2c.jpg,train,inadequado
images/train/pdx_p2_123_jpg.rf.b3567b4eabe36eaa6503742986ebf680.jpg,train,inadequado
images/train/dr_0002_jpg.rf.2e43cdc29b00e6a96296e8e519dc4358.jpg,train,inadequado
images/train/mnd_60.png,train,inadequado
images/train/dr_0763_jpg.rf.ecb5f5076e02bfe395e6da13501c6d7d.jpg,train,inadequado
images/train/dr_0532_jpg.rf.0c82aa7000ae1a4ab62d83e5d7593f49.jpg,train,inadequado
images/train/dr_0017_jpg.rf.1ff20e90c3f8c59d65b95fd17d734008.jpg,train,inadequado
images/valid/dr_0969_jpg.rf.11910e381dc7cbb7b03b4f412adbc929.jpg,valid,inadequado
images/train/dr_0626_jpg.rf.06b5b4eff3cfba03f5b26263aaa1b9c5.jpg,train,inadequado
images/train/dr_0324_jpg.rf.abc4d4ecda0118d9f9b7efa365d8373d.jpg,train,inadequado
images/train/dr_0698_jpg.rf.3bcd0de7d1e017eacbb6926da924b546.jpg,train,inadequado
images/train/dr_0135_jpg.rf.08f0d1c5777d05556bab731613a50dc8.jpg,train,inadequado
images/valid/pdx_p1_105.jpg,valid,adequado
images/train/pdx_p1_83.jpg,train,inadequado
images/valid/dr_0288_jpg.rf.7576a9c760c217036a5ab1a7db10d2c7.jpg,valid,inadequado
images/train/dr_0200_jpg.rf.6c8e9ce3f6fa399ec450200e05f21e7d.jpg,train,inadequado
images/train/dr_0925_jpg.rf.fef131f64b15a7c2c79df01678e53fe5.jpg,train,inadequado
images/train/pdx_p1_103.jpg,train,inadequado
images/train/mnd_16.png,train,inadequado
images/train/dr_0177_jpg.rf.a3c605f7ed72b0c75b16a024cd53670e.jpg,train,inadequado
images/train/pdx_p3_panoramic (20).jpg,train,adequado
images/train/dr_1000_jpg.rf.8fd4a463d99d0d8f19a0e52095c5aacb.jpg,train,inadequado
images/train/dr_0011_jpg.rf.0bf9a9f6be73ff54a29df973355906c8.jpg,train,inadequado
images/train/dr_0265_jpg.rf.3c921ec02bb245892eea071236ba62c5.jpg,train,inadequado
images/train/dr_0179_jpg.rf.1a863fb7d3b66fb6efd03fb11791bc38.jpg,train,inadequado
images/train/dr_0119_jpg.rf.3ff39113deff8194de26a7e51d9d1a31.jpg,train,inadequado
images/train/dr_0084_jpg.rf.3f6ad1b3b39627f75a20e60266ce0352.jpg,train,inadequado
images/train/pdx_p2_55_jpg.rf.51037f6eb5a7c1993cd4ec4a7bb96730.jpg,train,adequado
images/train/dr_0678_jpg.rf.dcfcbd8824ae9a30d478e77dc7aa6000.jpg,train,inadequado
images/train/pdx_p1_48.jpg,train,adequado
images/train/dr_0607_jpg.rf.55d4105c9297c4a66f367654536e96b2.jpg,train,inadequado
images/train/dr_0020_jpg.rf.8c09829d4895d807b09539c47e4bec82.jpg,train,inadequado
images/train/pdx_p2_14_jpg.rf.7d178fab4e3a6026dbcec41b1da880c7.jpg,train,inadequado
images/train/dr_0600_jpg.rf.316bf773011a9fc1ffb26f7d2ea0f6d9.jpg,train,inadequado
images/train/dr_0497_jpg.rf.1273817d04336ee1ee38eb27cc98ce8f.jpg,train,inadequado
images/train/dr_0875_jpg.rf.b472be82bded3148eeb354abd4ac89f4.jpg,train,inadequado
images/train/dr_0408_jpg.rf.c09455ccab42243f5cf902b9f8012826.jpg,train,inadequado
images/valid/dr_0021_jpg.rf.0d2cd31b4786f6121d2241aa8c595bf9.jpg,valid,inadequado
images/train/pdx_p2_108_jpg.rf.4544304d9d01667fc18a34226cba09ee.jpg,train,inadequado
images/train/dr_0920_jpg.rf.27a843338ea7f6f972f0fcff8a940980.jpg,train,inadequado
images/train/dr_0444_jpg.rf.002c4e8eaa419386936815866aba74ab.jpg,train,inadequado
images/train/dr_0170_jpg.rf.1b40525e90249e5988447b915ee700d8.jpg,train,inadequado
images/train/dr_0616_jpg.rf.4a9430b8ecc49aa31a6b545fb9d01e86.jpg,train,inadequado
images/train/dr_0986_jpg.rf.4710f4b42773fdd8b5d2d715ca735dee.jpg,train,inadequado
images/valid/pdx_p2_94_jpg.rf.d43239667cc0231af8266b2774e2a735.jpg,valid,inadequado
images/valid/dr_0749_jpg.rf.386ef981e0eaf4bb9d14783e626ce5f5.jpg,valid,inadequado
images/valid/dr_0930_jpg.rf.2c1bf7fb13e2a28af5e3daba0fcdf42f.jpg,valid,inadequado
images/train/dr_0963_jpg.rf.dc7066654d9a3cbf699c700d71df30a5.jpg,train,adequado
images/train/pdx_p1_118.jpg,train,inadequado
images/train/dr_0465_jpg.rf.72ed7f00b51bb69a0c3272251ad88a9d.jpg,train,inadequado
images/valid/dr_0124_jpg.rf.ece9ebf3c8fe851458a4d443ce47555f.jpg,valid,inadequado
images/test/dr_0967_jpg.rf.fde2e9d5ec9cb179161647bd31c61b23.jpg,test,inadequado
images/train/dr_0402_jpg.rf.63994d789ad1787836039de7b5b14860.jpg,train,inadequado
images/train/dr_0852_jpg.rf.23a1c00b27f0dca04da80158ec7b8d42.jpg,train,inadequado
images/train/dr_0449_jpg.rf.fdb578827c1047c29408a81859e432b4.jpg,train,adequado
images/train/dr_0562_jpg.rf.30984039e68593f3bd3ca7ddfb6fe3a7.jpg,train,inadequado
images/test/dr_0215_jpg.rf.ae6fc0091ff7dab5bf8eab5a2ada7272.jpg,test,adequado
images/train/mnd_15.png,train,inadequado
images/test/dr_0515_jpg.rf.8ff9c1348b7bbea5171159da2f241b71.jpg,test,inadequado
images/train/dr_0033_jpg.rf.f92547f3c0afeaae38ec23ae7152de73.jpg,train,adequado
images/train/dr_0634_jpg.rf.ee6d10a732719dbf568324953f54df7f.jpg,train,inadequado
images/train/pdx_p3_panoramic (4).jpg,train,inadequado
images/train/dr_0635_jpg.rf.121859b0d7c7da443b80e50ea0de12a4.jpg,train,inadequado
images/train/dr_0012_jpg.rf.916b7a5c6895228153e732176a50a90b.jpg,train,inadequado
images/train/dr_0684_jpg.rf.bece38cab4b55758012d229f710369c2.jpg,train,inadequado
images/train/dr_0950_jpg.rf.6fd96ddec575fcfbb7760fc864d033bd.jpg,train,inadequado
images/test/dr_0428_jpg.rf.314f2ee0551f5c46c3b5fbb7b3b4026e.jpg,test,inadequado
images/train/dr_0363_jpg.rf.768e5f7ff6fd26a4a9189ee33252bb0c.jpg,train,adequado
images/train/dr_0433_jpg.rf.ff95608f13398902a38a6fd14b864999.jpg,train,inadequado
images/train/mnd_90.png,train,inadequado
images/train/dr_0254_jpg.rf.e2370b19315f494e8da966885e1f338f.jpg,train,inadequado
images/train/dr_0308_jpg.rf.39bfefbd46345a3821ecb4c7a60ec85d.jpg,train,adequado
images/valid/pdx_p3_panoramic (43).jpg,valid,adequado
images/train/dr_0889_jpg.rf.12f27d0d221632479fd17498a218804c.jpg,train,inadequado
images/train/dr_0340_jpg.rf.ee679f8c0931d2e1ce5d613efd992aa9.jpg,train,inadequado
images/valid/dr_0192_jpg.rf.63bbaf1265e3d2664099abd48d2fcd68.jpg,valid,inadequado
images/train/dr_0219_jpg.rf.eab99a818ba68415273c66599ad2142c.jpg,train,inadequado
images/test/dr_0846_jpg.rf.21922087f9d9ce3b24ba1f2f3557ce5e.jpg,test,inadequado
images/train/dr_0050_jpg.rf.cbe8b8d15a7bba7c881c81e6f3930569.jpg,train,inadequado
images/train/dr_0837_jpg.rf.96213b2aeeb02cfa08d7ba23753285ef.jpg,train,inadequado
images/train/pdx_p1_51.jpg,train,adequado
images/train/dr_0735_jpg.rf.958bca5d887dfb511af25ec72808d47a.jpg,train,inadequado
images/train/dr_0155_jpg.rf.1c03e10464ccc2f3a96f8156353e5321.jpg,train,adequado
images/train/dr_0580_jpg.rf.1edfdcd3def80715e7cd70bf4f535cf6.jpg,train,inadequado
images/train/mnd_104.png,train,inadequado
images/train/dr_0212_jpg.rf.db3f8755e47a0d0572739d0452293ce0.jpg,train,inadequado
images/valid/mnd_20.png,valid,adequado
images/train/dr_0701_jpg.rf.7b94da0366e5195578f894fcf4141c53.jpg,train,inadequado
images/train/dr_0533_jpg.rf.16f92470249954f76c9597cc740efe25.jpg,train,inadequado
images/train/dr_0971_jpg.rf.c06df0af23557895f6410f6621435a9a.jpg,train,inadequado
images/train/dr_0639_jpg.rf.15e60af9d988588d7d28aa63a90722fa.jpg,train,adequado
images/train/dr_0291_jpg.rf.bfc887aafd0d7c6492d25a022018f8ed.jpg,train,inadequado
images/valid/dr_0985_jpg.rf.2031b8f3a0c8c59ce626d7cc1a73c69e.jpg,valid,inadequado
images/train/dr_0325_jpg.rf.30d8d6d4c8432c7f330725f602069076.jpg,train,inadequado
images/train/dr_0384_jpg.rf.1edac65b4f108f8f109f663ba593b99b.jpg,train,adequado
images/train/mnd_9.png,train,adequado
images/test/dr_0762_jpg.rf.65fd543f0d87cc9d38dc1968abb4d2c7.jpg,test,inadequado
images/train/dr_0996_jpg.rf.65ed61e4df89f329ce3c578c019dfd2d.jpg,train,adequado
images/train/dr_0865_jpg.rf.9265345886712606381b121a75eb2463.jpg,train,adequado
images/train/dr_0109_jpg.rf.e51226e7ad55c35a02d5dd6a45c6cede.jpg,train,inadequado
images/train/dr_0016_jpg.rf.adae13ddc6c715828a83726187847d13.jpg,train,inadequado
images/train/pdx_p1_56.jpg,train,inadequado
images/train/dr_0316_jpg.rf.86dee7b3bb838a6a2ebaf117bca6ac44.jpg,train,adequado
images/train/dr_0130_jpg.rf.0ac9e5a6e6ea1830ca49136427d40411.jpg,train,inadequado
images/train/pdx_p3_panoramic (37).jpg,train,adequado
images/train/dr_0860_jpg.rf.15ca49f90ed1ff444dd2c733193f2397.jpg,train,inadequado
images/train/pdx_p1_116.jpg,train,adequado
images/train/dr_0042_jpg.rf.73cc4a79fced08320315ccd42aa06a25.jpg,train,inadequado
images/train/dr_0013_jpg.rf.18d48fad3e2d024f79264bc1a060bef0.jpg,train,inadequado
images/test/pdx_p1_79.jpg,test,adequado
images/train/mnd_46.png,train,adequado
images/train/dr_0828_jpg.rf.8cefd567df0a8aadf1970aad6ea72d92.jpg,train,inadequado
images/valid/dr_0807_jpg.rf.32d1bea8b77d054ceb8f1a96b7b4c7e7.jpg,valid,inadequado
images/train/mnd_69.png,train,inadequado
images/train/dr_0842_jpg.rf.c4150c89db8a8bc26227bf96afa341cd.jpg,train,inadequado
images/train/dr_0340_jpg.rf.3088c3aec5bc8a293f9237448e3262e1.jpg,train,inadequado
images/train/pdx_p3_panoramic (53).jpg,train,adequado
images/train/pdx_p3_panoramic (39).jpg,train,adequado
images/train/dr_0099_jpg.rf.099f998de5409ec6a851a398b2c8946b.jpg,train,inadequado
images/train/dr_0040_jpg.rf.35c228d5f93c7831c599f0b5a6389a1b.jpg,train,inadequado
images/test/dr_0610_jpg.rf.e2363fe0054fb51097cc2b6562011673.jpg,test,inadequado
images/train/dr_0517_jpg.rf.af1de2f7fa5285a459f1e0dbfcbb2b1f.jpg,train,inadequado
images/test/dr_0339_jpg.rf.a01899bc5db14b320b43706ed57c67cb.jpg,test,inadequado
images/test/pdx_p1_5.jpg,test,inadequado
images/train/dr_0618_jpg.rf.833d14da0c67c7236fbacee9385f6fb5.jpg,train,adequado
images/train/dr_0911_jpg.rf.ec4ab2c30ea9fe4085ecb06c56173c3d.jpg,train,adequado
images/valid/dr_0078_jpg.rf.3df5e76aaf3853ffeb55283ed9666c1e.jpg,valid,inadequado
images/valid/dr_0631_jpg.rf.62a5da9cfbeaedfc576d2116d10f11b3.jpg,valid,inadequado
images/train/pdx_p3_panoramic (44).jpg,train,adequado
images/train/dr_0321_jpg.rf.9e215071e997bf25150bf2f783c35a2c.jpg,train,inadequado
images/test/dr_0507_jpg.rf.07ca548c6eb4f61c76f1629e7bc26fa4.jpg,test,inadequado
images/train/pdx_p1_10.jpg,train,inadequado
images/train/dr_0845_jpg.rf.905f2c2c3869dcc1bff01b13cac8a9a2.jpg,train,adequado
images/train/dr_0943_jpg.rf.6a33fd99016f1090e67a2357925d7c09.jpg,train,inadequado
images/train/dr_0118_jpg.rf.e7295214c195d69f605efc5a53b025eb.jpg,train,inadequado
images/train/dr_0348_jpg.rf.fb07688a9794df01fd29589859ef5b96.jpg,train,inadequado
images/train/pdx_p1_109.jpg,train,inadequado
images/train/dr_0487_jpg.rf.aa7e6b7c7da1782e74a5d7c5de1759db.jpg,train,adequado
images/train/dr_0122_jpg.rf.fd25de4c89200055f2565fa79b13985f.jpg,train,inadequado
images/test/dr_0750_jpg.rf.52761b15b0cc29d4193f20bca8abf978.jpg,test,adequado
images/train/dr_0334_jpg.rf.afba46dfc2e8db43b86eaefe0c9c5b06.jpg,train,inadequado
images/train/dr_0223_jpg.rf.6a33f3f3ec9100257c3a03f531ab1bd1.jpg,train,inadequado
images/train/dr_0415_jpg.rf.6c7a7c4219cf4cd22f23c2bb46155b91.jpg,train,adequado
images/train/dr_0012_jpg.rf.4b11c696273493e2cbf801072ae9633a.jpg,train,inadequado
images/train/dr_0287_jpg.rf.34304fa9a9ae3c63fb3519acbb6af802.jpg,train,inadequado
images/train/dr_0411_jpg.rf.2e635285d54f759a9a9e8023eec4bd12.jpg,train,adequado
images/train/dr_0341_jpg.rf.e6da20950a4d1d54d5f885e604bba2ce.jpg,train,adequado
images/train/dr_0806_jpg.rf.dd03b9e80f93c8fc3c7d950b1ae53391.jpg,train,inadequado
images/valid/dr_0462_jpg.rf.a82b90dc40250cf8ea4a5fafcac01934.jpg,valid,inadequado
images/train/dr_0343_jpg.rf.638832cc229c5257e15465894ce9a9ae.jpg,train,inadequado
images/train/mnd_31.png,train,adequado
images/train/dr_0608_jpg.rf.d067433745c19ab37e23002934da772e.jpg,train,inadequado
images/train/dr_0730_jpg.rf.8a6619dbdfe349852ae0a28120760f01.jpg,train,inadequado
images/train/dr_0998_jpg.rf.eff5947796a814edaad294b014df5c66.jpg,train,adequado
images/train/dr_0796_jpg.rf.0d7080e5eaf310c21877ec1633ce96a4.jpg,train,inadequado
images/train/mnd_42.png,train,adequado
images/train/dr_0548_jpg.rf.af89e7a5ef14ca0e1a0f134300265f65.jpg,train,adequado
images/valid/dr_0250_jpg.rf.70917cf6f6ab130b58494353f83c8c72.jpg,valid,inadequado
images/train/dr_0236_jpg.rf.6e4cf75d467faf3e23ec868f79bd4119.jpg,train,inadequado
images/valid/pdx_p3_panoramic (15).jpg,valid,adequado
images/train/dr_0605_jpg.rf.6d6352b6391a8410bed4de7a9f6f1466.jpg,train,inadequado
images/train/dr_0411_jpg.rf.da9bf54e64da057c64b2f75509d728fd.jpg,train,inadequado
images/train/dr_0974_jpg.rf.1106191cfb2fa2d640fa75593eeb8122.jpg,train,adequado
images/train/dr_0642_jpg.rf.b7ca331ca6495ab465a757b2aa856c9c.jpg,train,adequado
images/train/dr_0076_jpg.rf.c662c32f0bff9712df5fcf954ef88c50.jpg,train,adequado
images/train/dr_0401_jpg.rf.a57205db55baeeb6d922bb73a5509e5d.jpg,train,adequado
images/train/dr_0317_jpg.rf.dec4214751c408b5a1de1391f7db9af6.jpg,train,inadequado
images/train/dr_0950_jpg.rf.11d1da6305e7568508647eb1c79a09fa.jpg,train,inadequado
images/train/dr_0062_jpg.rf.a4b1465878c78c0988b5c11597193393.jpg,train,inadequado
images/train/pdx_p1_38.jpg,train,inadequado
images/train/pdx_p3_panoramic (13).jpg,train,adequado
images/train/dr_0853_jpg.rf.65f098b3216845e720788cec4aa8ca93.jpg,train,inadequado
images/train/dr_0998_jpg.rf.ca022a7e43ce328544f49dc4d111f0d2.jpg,train,adequado
images/train/dr_0222_jpg.rf.90ac0002d89bb597788f84ec8acbec00.jpg,train,adequado
images/train/dr_0063_jpg.rf.4e65667691cc1f7946b669fe51af900c.jpg,train,inadequado
images/train/pdx_p1_78.jpg,train,adequado
images/train/dr_0094_jpg.rf.4748d41c836ddd8a4dddefd36047043a.jpg,train,inadequado
images/test/mnd_62.png,test,adequado
images/valid/dr_0629_jpg.rf.2f5a6732631d74f4f203bbf8eaaab7d3.jpg,valid,inadequado
images/train/dr_0077_jpg.rf.3bae57e9681adea149d0096b9ea07403.jpg,train,inadequado
images/train/dr_0388_jpg.rf.98233fdf862f4aff3a61af0ae8098930.jpg,train,inadequado
images/train/dr_0385_jpg.rf.a6a1301096900c3a4963a7551f2ce3e7.jpg,train,inadequado
images/test/dr_0368_jpg.rf.ae4c80bc75e51300b4de70922bf5e637.jpg,test,adequado
images/train/dr_0544_jpg.rf.59fc23cc156801645165fc5c9f6eea37.jpg,train,adequado
images/train/dr_0946_jpg.rf.198cf9962be6fec3c9e21344bb977fa1.jpg,train,adequado
images/train/dr_0115_jpg.rf.b9ec5358afbb09c02b168fd4a0daaba5.jpg,train,adequado
images/train/dr_0185_jpg.rf.9f03f11d0b267f90131c47b6f34b3802.jpg,train,adequado
images/valid/dr_0779_jpg.rf.5e81e083ec3f39a4653caca440ece538.jpg,valid,inadequado
images/train/dr_0756_jpg.rf.69836e017fe3a4c8d6ddb26f8fe8bd40.jpg,train,adequado
images/train/pdx_p1_24.jpg,train,adequado
images/train/dr_0553_jpg.rf.9d1a56f945c6f185001634defb87ccba.jpg,train,inadequado
images/train/dr_0450_jpg.rf.514c0998f6c8d952fe34069e8dcdbd78.jpg,train,inadequado
images/train/pdx_p1_76.jpg,train,inadequado
images/train/mnd_5.png,train,inadequado
images/train/dr_0845_jpg.rf.7dc6b4bebdbb03df1ffcf47a2f0a75b3.jpg,train,inadequado
images/train/mnd_99.png,train,adequado
images/train/dr_0471_jpg.rf.7f2018e6fff4742a3c312ae816e9f6e8.jpg,train,adequado
images/train/dr_0116_jpg.rf.e82dee136add6b10a8cfdea7a86e2c86.jpg,train,adequado
images/train/dr_0157_jpg.rf.f3c6b8a6024ca9a73cb4841a0ccb6f24.jpg,train,inadequado
images/train/dr_0933_jpg.rf.8d7ea3cd015e317dcc227ddd62a47358.jpg,train,adequado
images/train/pdx_p1_23.jpg,train,adequado
images/train/dr_0106_jpg.rf.6350f24d8ba135b8069caa9bd9f533c9.jpg,train,adequado
images/train/dr_0755_jpg.rf.177af2f94bb66a984faf1f4a656e1d36.jpg,train,adequado
images/train/pdx_p1_94.jpg,train,adequado
images/train/dr_0211_jpg.rf.bed4a07546bcc89b5b34e70fdf6231d1.jpg,train,inadequado
images/valid/mnd_83.png,valid,adequado
images/train/dr_0831_jpg.rf.32e30cab89bbf681882ef451ef4722f1.jpg,train,inadequado
images/train/dr_0221_jpg.rf.18a997dd37e8db0b9fd55d67ea631e37.jpg,train,adequado
images/valid/dr_0938_jpg.rf.476b1ea283c5ccbbddaa023eb40a46d8.jpg,valid,adequado
images/train/pdx_p3_panoramic (1).jpg,train,adequado
images/train/dr_0461_jpg.rf.32aac00098e9e74ae07b55e543a0d3ff.jpg,train,inadequado
images/train/dr_0011_jpg.rf.93ebc7324dea54f64ab06acb2a3b486e.jpg,train,adequado
images/test/dr_0180_jpg.rf.f74c66bb6212781fc6e6404fffe7ab9d.jpg,test,inadequado
images/train/dr_0600_jpg.rf.e75c6b3a3e1478a262d78761e174344a.jpg,train,inadequado
images/train/dr_0089_jpg.rf.2aa8df624bda0b0eee98c760be072962.jpg,train,inadequado
images/valid/dr_0659_jpg.rf.59a1f87ff544c2c3a993523a46304364.jpg,valid,inadequado
images/train/dr_0085_jpg.rf.1362754ffd599cc678fb816ab28010ea.jpg,train,adequado
images/train/dr_0918_jpg.rf.af994d42104170c4523f9be5a7e1d47e.jpg,train,inadequado
images/test/pdx_p1_37.jpg,test,adequado
images/train/dr_0046_jpg.rf.780f92f2364efcc0539806bbe07b8e59.jpg,train,inadequado
images/train/mnd_38.png,train,adequado
images/train/dr_0575_jpg.rf.595dc48e8c5df324c4108ca19a7664de.jpg,train,inadequado
images/train/pdx_p3_panoramic (18).jpg,train,inadequado
images/train/dr_0217_jpg.rf.1b4dea748b6b7a0a7caae1ce8a93c7d0.jpg,train,adequado
images/train/dr_0896_jpg.rf.d84368327567021a6b401ea9e554547b.jpg,train,adequado
images/train/dr_0063_jpg.rf.aeb0cd86456a592f166a7a42f2775a1f.jpg,train,inadequado
images/train/dr_0158_jpg.rf.acfc32660c641086b7fa9a7f37d9130c.jpg,train,inadequado
images/valid/pdx_p3_panoramic (14).jpg,valid,adequado
images/train/dr_0521_jpg.rf.3ff36e675abd5650c70e26dbd740e2cf.jpg,train,inadequado
images/train/dr_0325_jpg.rf.52a5f4ee0b7c7fc41ebfeb3fcab2f55b.jpg,train,inadequado
images/train/dr_0946_jpg.rf.229c0a1203ff0d46b062e28074e00663.jpg,train,inadequado
images/train/dr_0791_jpg.rf.df0c0975383067d7cb1f7cdacaec834b.jpg,train,adequado
images/train/dr_0432_jpg.rf.6ae53b874578ac258c272e31f78272b0.jpg,train,adequado
images/train/dr_0435_jpg.rf.2cdd9012664a9b8c4ae01dd68c4180b9.jpg,train,adequado
images/train/dr_0926_jpg.rf.781cce4f916bb282d9ef27517ab40261.jpg,train,inadequado
images/train/dr_0580_jpg.rf.46ecc28d426d6e42128953f51fd30d66.jpg,train,adequado
images/test/dr_0009_jpg.rf.957a0a16c5101765b0679e95eb9619a3.jpg,test,inadequado
images/train/mnd_48.png,train,adequado
images/train/pdx_p1_123.jpg,train,adequado
images/test/dr_0936_jpg.rf.8243a9dd5334cd97eea92b8d4a59439e.jpg,test,adequado
images/train/dr_0281_jpg.rf.3e9857f0562f99ba590782c5ef2cfa8b.jpg,train,inadequado
images/valid/pdx_p1_110.jpg,valid,adequado
images/train/dr_0343_jpg.rf.a27ab77328088a8509525cb2e2bccb73.jpg,train,adequado
images/train/dr_0125_jpg.rf.8585fb810e48565e1921f49d7454ac44.jpg,train,inadequado
images/train/dr_0063_jpg.rf.32b4af22dcd16d98ec78e4124115178f.jpg,train,inadequado
images/train/dr_0386_jpg.rf.1aae9fb62c79e8c694e183523deed6eb.jpg,train,adequado
images/train/dr_0353_jpg.rf.5a436ed1e390f08ce6c0bb759c77b3ce.jpg,train,adequado
images/train/mnd_89.png,train,adequado
images/train/dr_0770_jpg.rf.977dbd2e4708af50a50ca679f0b5b3bc.jpg,train,adequado
images/train/dr_0534_jpg.rf.bee965191cd0532fa2e9345ca976521e.jpg,train,inadequado
images/train/dr_0153_jpg.rf.5bf36b7833cea7b771abc5f6f9edc1af.jpg,train,inadequado
images/test/pdx_p3_panoramic (10).jpg,test,adequado
images/train/dr_0011_jpg.rf.5467f8911f832afc1e9dd3b6213b658e.jpg,train,adequado
images/train/dr_0467_jpg.rf.7e2c8fa49fe7128ed4dfe49daea789ec.jpg,train,inadequado
images/train/dr_0267_jpg.rf.efdea5f052db2a839712ea373345c2aa.jpg,train,adequado
images/train/dr_0427_jpg.rf.efad35fbaa659d427ddb4a1a9a833cb8.jpg,train,inadequado
images/train/dr_0695_jpg.rf.ab649990a859483cfe596ee154c679d7.jpg,train,inadequado
images/train/dr_0376_jpg.rf.2b9d084edee272acdab3fc68c063eecd.jpg,train,inadequado
images/train/dr_0956_jpg.rf.a03e9983219119d4455e71600c9dce33.jpg,train,adequado
images/test/mnd_22.png,test,adequado
images/train/dr_0566_jpg.rf.e6b2af1895200c6514583661a582f787.jpg,train,inadequado
images/train/dr_0175_jpg.rf.ffccecc27b1b9163370de1c7b556910b.jpg,train,adequado
images/train/dr_0158_jpg.rf.6ba9ac13623e5a1dd9ca15ec2dc6a4a5.jpg,train,inadequado
images/train/dr_0482_jpg.rf.acd3c98bd317ea756e788700afb1cf23.jpg,train,adequado
images/train/dr_0271_jpg.rf.c08fa4f6be3178699751775b9655c123.jpg,train,inadequado
images/train/pdx_p1_96.jpg,train,adequado
images/train/dr_0879_jpg.rf.15ce18515724012364f77b6dd1e512c4.jpg,train,adequado
images/train/dr_0141_jpg.rf.bb776d8244859c2425d3d0422afbf9f0.jpg,train,inadequado
images/train/dr_0781_jpg.rf.9661e664972783a61174b1c6a1dd82c1.jpg,train,inadequado
images/train/pdx_p2_51_jpg.rf.49d63bb3c86e68f3c62e5cddb2399304.jpg,train,adequado
images/train/pdx_p2_27_jpg.rf.62b4609c00d86a831f0d3de7c107b610.jpg,train,adequado
images/train/dr_0025_jpg.rf.d0920a2e7484717a0575ec6381adc736.jpg,train,inadequado
images/train/dr_0758_jpg.rf.fae5adf223deb9ad1bfdf1eb43c20efc.jpg,train,adequado
images/train/dr_0394_jpg.rf.a588048b98a56385f7942d0eb8e712f0.jpg,train,inadequado
images/train/pdx_p1_27.jpg,train,adequado
images/train/pdx_p2_21_jpg.rf.c2a7094c6b661c307788ce663d8c089f.jpg,train,adequado
images/train/dr_0618_jpg.rf.83dff22f16fa6386390ff8bc3b38f336.jpg,train,adequado
images/train/dr_0013_jpg.rf.2c29b82b3b4e6223787dc420b1151cf1.jpg,train,inadequado
images/train/dr_0620_jpg.rf.ce15b092606bb804ca528a218484047b.jpg,train,adequado
images/train/mnd_105.png,train,adequado
images/train/dr_0166_jpg.rf.d6683d3999b822a113d995f6601d31b4.jpg,train,inadequado
images/train/dr_0806_jpg.rf.6e5208554c0929777f484ac3fff387cd.jpg,train,adequado
images/train/dr_0427_jpg.rf.cf7f772feaa1e2941bd0017666136580.jpg,train,inadequado
images/train/dr_0473_jpg.rf.6625043e3299ebc6c95fd8327835aea1.jpg,train,adequado
images/train/dr_0517_jpg.rf.cabfbd2da18cdb33a23647dc9007d40e.jpg,train,inadequado
images/train/dr_0301_jpg.rf.8d6fe01f54892d0932bbfb7a7c80aff5.jpg,train,inadequado
images/train/dr_0630_jpg.rf.2f086bde55eb5a56abd1535aa9b34aed.jpg,train,inadequado
images/train/dr_0436_jpg.rf.12cb322bfef96150ad665466f9acbae2.jpg,train,adequado
images/train/pdx_p1_77.jpg,train,adequado
images/train/dr_0260_jpg.rf.ba361960a610ebf298cc367692da0a50.jpg,train,inadequado
images/train/dr_0810_jpg.rf.fd37d0328e848e8187ba6e1c6c023071.jpg,train,inadequado
images/train/dr_0803_jpg.rf.b1b5eff10edbcb075490901fe6fff8e5.jpg,train,adequado
images/train/mnd_45.png,train,inadequado
images/valid/dr_0984_jpg.rf.d770424d7e0cbaf0210f900cd7a0a37b.jpg,valid,inadequado
images/valid/pdx_p1_81.jpg,valid,adequado
images/train/dr_0525_jpg.rf.3603250aa0dcf6a9c89e75d8e1020a93.jpg,train,inadequado
images/train/dr_0372_jpg.rf.80f2730017da8a17e20cf09a476a78c1.jpg,train,adequado
images/train/dr_0799_jpg.rf.61fff31897fdafe00650f38f1d23d65b.jpg,train,inadequado
images/train/dr_0380_jpg.rf.71a1b14e6d5f2139553d635528483f14.jpg,train,inadequado
images/train/dr_0584_jpg.rf.a388ca2902a561060ec987ef7a011d8b.jpg,train,adequado
images/train/dr_0076_jpg.rf.385f74c4dd2a2db8f278b42680c0bed2.jpg,train,adequado
images/train/dr_0663_jpg.rf.4440b77adb4b8cd1a6537db52404b1a5.jpg,train,adequado
images/train/dr_0285_jpg.rf.f9c22558cd2ddfe407d4d1cdf77978e0.jpg,train,inadequado
images/train/dr_0437_jpg.rf.4f1ef0a2a2dba2e207a7120e4500b6f8.jpg,train,adequado
images/test/pdx_p1_13.jpg,test,adequado
images/train/dr_0646_jpg.rf.edeb6d9b7717e7a8c2782c315de6074f.jpg,train,adequado
images/train/dr_0252_jpg.rf.b8fddca0ff38066499c477e2b5d5e65c.jpg,train,adequado
images/valid/dr_0098_jpg.rf.66a48777bc22515364d7b419d5441796.jpg,valid,inadequado
images/valid/dr_0624_jpg.rf.0ace2f1bc57e59ef2c1374d51cd5513e.jpg,valid,inadequado
images/valid/dr_0670_jpg.rf.309929b1e0aef6e50568c7eacccfc5eb.jpg,valid,adequado
images/train/dr_0233_jpg.rf.2e2b0bb9350a6ffb65b194ecf0426df7.jpg,train,adequado
images/train/pdx_p2_109_jpg.rf.269b38f2525bc24ec6b562d32a9f5aca.jpg,train,adequado
images/train/dr_0567_jpg.rf.1e065e8191784ae0ee5c2fceb713cc37.jpg,train,adequado
images/test/dr_0140_jpg.rf.c65d9d0adf1e201a0bbca3c2f9cf2a08.jpg,test,adequado
images/train/dr_0030_jpg.rf.d6c3294e3854c3975cebbed40d8af786.jpg,train,inadequado
images/train/dr_0468_jpg.rf.90e0341a412eccb452b2056be75aa350.jpg,train,inadequado
images/train/pdx_p3_panoramic (36).jpg,train,adequado
images/valid/dr_0995_jpg.rf.7e05c8d7d34d8a551eefafbf0f9520de.jpg,valid,inadequado
images/train/dr_0939_jpg.rf.62d9662c2969d9a6baf813551b0dbbca.jpg,train,inadequado
images/valid/dr_0640_jpg.rf.efc8cb9585102f05ae778a77fd63389f.jpg,valid,inadequado
images/train/dr_0664_jpg.rf.39e0e82e35be50abfc14a7e0fdbb050c.jpg,train,inadequado
images/valid/dr_0547_jpg.rf.95af1dd5d044f04771bf3467c2204012.jpg,valid,inadequado
images/train/dr_0907_jpg.rf.3504f3a6d01fadf17752762a1eb35364.jpg,train,inadequado
images/test/pdx_p2_4_jpg.rf.fc2234ca1d00ba67985d71319044adb3.jpg,test,adequado
images/train/dr_0903_jpg.rf.31f3b9ced13cb104db6415e2a20c9375.jpg,train,inadequado
images/valid/dr_0247_jpg.rf.c204bc5921278e51b29081ed272b0c8e.jpg,valid,adequado
images/train/mnd_24.png,train,adequado
images/train/dr_0349_jpg.rf.10bea4883d3717cb333ba7f794c9c54e.jpg,train,adequado
images/test/dr_0623_jpg.rf.2dd72a2fd2469a4ce080214c3d30f318.jpg,test,adequado
images/train/dr_1000_jpg.rf.c9dd4b2cf2f9c945b8d1921990531852.jpg,train,inadequado
images/train/dr_0372_jpg.rf.589c6f4ce05e5e1da30023a2f386cef6.jpg,train,adequado
images/train/dr_0559_jpg.rf.b63d1d7a29e2de6807af8fe01ccf42d7.jpg,train,inadequado
images/train/dr_0590_jpg.rf.9efad5beccd8390c832fcee1fc68fe0b.jpg,train,inadequado
images/train/dr_0465_jpg.rf.5e44f54ff84db544d81c42c74ac412a8.jpg,train,inadequado
images/train/dr_0374_jpg.rf.6edcee56cc2181e0ec2865be89185cbd.jpg,train,inadequado
images/train/dr_0989_jpg.rf.e995454a860149a7f3bde8b4329c18ba.jpg,train,inadequado
images/train/dr_0784_jpg.rf.aa045d0aeb814bce0dd35d77fbfdcb1b.jpg,train,adequado
images/train/dr_0954_jpg.rf.9775769ca90fb24787cde4fd59f122e8.jpg,train,adequado
images/train/dr_0417_jpg.rf.c68cf16bf16a5a0a1a1c49e5e035b4e5.jpg,train,adequado
images/train/dr_0467_jpg.rf.88ea701e7a7ba7b05f530208e8b53efe.jpg,train,adequado
images/train/dr_0974_jpg.rf.ff31d35aecfa18f7a3bb61736cb40dcf.jpg,train,adequado
images/train/pdx_p2_90_jpg.rf.1c7dc7b22b7cb20878e50352a5a91212.jpg,train,adequado
images/train/dr_0809_jpg.rf.91e746d6f08623400f84f1581bc56d27.jpg,train,adequado
images/train/mnd_49.png,train,adequado
images/train/dr_0868_jpg.rf.e3aa9bea23699573fd18b584d9311cdb.jpg,train,inadequado
images/train/dr_0340_jpg.rf.00d920546b456209de688af0f98e8000.jpg,train,inadequado
images/train/dr_0947_jpg.rf.d282becb8d08dc053124903325deb986.jpg,train,adequado
images/train/dr_0381_jpg.rf.47d974204b972530836165cb8e3b9bed.jpg,train,inadequado
images/train/dr_0409_jpg.rf.ac5f8cd85f6e2134ce70b5e90deb5e7f.jpg,train,inadequado
images/valid/pdx_p2_102_jpg.rf.cc0e4575510d5f7397363eb9a5dddc0a.jpg,valid,adequado
images/train/dr_0678_jpg.rf.5b4bbba90b9604b2fc1c26e076b8d2f1.jpg,train,inadequado
images/train/mnd_93.png,train,adequado
images/valid/dr_0759_jpg.rf.e2bebe26c061f46f9f44e213cb5b4814.jpg,valid,inadequado
images/train/dr_0303_jpg.rf.86a2c2655263e700a2dfc961c4c659ca.jpg,train,inadequado
images/train/dr_0833_jpg.rf.944a3a7acefe71c446313a02ae267128.jpg,train,adequado
images/test/dr_0081_jpg.rf.b8e53bd80056c633065450a6800872b2.jpg,test,adequado
images/train/dr_0850_jpg.rf.fe1712112c20f5f9cef831fbad30abee.jpg,train,inadequado
images/train/pdx_p1_22.jpg,train,adequado
images/train/dr_0909_jpg.rf.60704f96fbd5ac3650ff9a630d79d97c.jpg,train,inadequado
images/train/dr_0552_jpg.rf.2281c3228cbcd53c62bcfbbda5a24b30.jpg,train,adequado
images/train/dr_0233_jpg.rf.949f671288d46044e5f608e4736fcd90.jpg,train,adequado
images/train/dr_0506_jpg.rf.83612ce7152d13e40324f1348a8241f3.jpg,train,adequado
images/train/dr_0015_jpg.rf.21caf812f3fa0f7b444fd67e35d905f0.jpg,train,adequado
images/train/dr_0509_jpg.rf.3caceb5dbf28b366cf74910cae538326.jpg,train,inadequado
images/train/dr_0466_jpg.rf.bdfc6bcbc5b0dcec2f0cb2ebd4afcdcc.jpg,train,inadequado
images/train/dr_0892_jpg.rf.7e616ba18ab6ab1758a3292398e42341.jpg,train,inadequado
images/valid/dr_0472_jpg.rf.9672cea13e815b91e89d7ceec881e73d.jpg,valid,adequado
images/test/mnd_110.png,test,adequado
images/valid/dr_0891_jpg.rf.ffe1d3aa3f8891d69e76c1865fec211f.jpg,valid,inadequado
images/test/dr_0186_jpg.rf.bce5a4ca22bfadf46df9667fdef8638d.jpg,test,inadequado
images/train/dr_0067_jpg.rf.ef3779ff5ff375721345540bd34b0fb3.jpg,train,adequado
images/test/dr_0794_jpg.rf.cc0c4ed7311e57db7eb6aa95d0dcbe47.jpg,test,inadequado
images/train/pdx_p2_5_jpg.rf.7448092f568dc7c57dcff59daab1513e.jpg,train,adequado
images/test/pdx_p1_41.jpg,test,adequado
images/train/dr_0685_jpg.rf.29c4b7bd3c8ebe349d4fb86f7ed9206e.jpg,train,inadequado
images/train/dr_0954_jpg.rf.75b3f8f867717ed8da7f12a6675f3290.jpg,train,inadequado
images/train/dr_0524_jpg.rf.170ba4a857a62c65afffadb34b065f78.jpg,train,inadequado
images/train/dr_0754_jpg.rf.d20acf3000f162c1c150e2892aaade5c.jpg,train,adequado
images/train/dr_0417_jpg.rf.2aa8230338cca02936524de6e0cdd43b.jpg,train,inadequado
images/train/dr_0046_jpg.rf.2441983ecc53eadfd7fbbe20363a1263.jpg,train,adequado
images/train/dr_0801_jpg.rf.e3e799ad12fe11d78469e18456264be6.jpg,train,inadequado
images/train/dr_0332_jpg.rf.3edc3a1d5ff75c38f768538cec7f1aab.jpg,train,inadequado
images/train/dr_0023_jpg.rf.8c727731255a3e73f3bca4115a1889c1.jpg,train,inadequado
images/train/dr_0731_jpg.rf.1f2e771ac421ef65b5b533cd243a8a5f.jpg,train,inadequado
images/train/dr_0816_jpg.rf.4d00e9ab6e5f45a53092fc0971e5a1aa.jpg,train,inadequado
images/train/dr_0108_jpg.rf.3d4bec24b49212524aa8024597464b9c.jpg,train,inadequado
images/train/dr_0924_jpg.rf.ad9337cc697479850052c2a4ebf7c7d5.jpg,train,inadequado
images/train/dr_0401_jpg.rf.7416f536cfd2d24fead5b11eebdeca09.jpg,train,adequado
images/train/dr_0549_jpg.rf.3c97d8228fd6eaf745f0d86ef664a5e9.jpg,train,adequado
images/train/dr_0503_jpg.rf.201749a4f92952e365ba69444c9bc67c.jpg,train,adequado
images/valid/dr_0147_jpg.rf.bf6227e9f0abf0da091c356dd1550726.jpg,valid,adequado
images/train/dr_0822_jpg.rf.13b0fd6c1171e413140f85f1a91643d8.jpg,train,inadequado
images/test/dr_0407_jpg.rf.bbc905ad2322cd6b2a5f27c5e14571cd.jpg,test,adequado
images/train/dr_0654_jpg.rf.c4cb69e7b6c7f33e03953d084b4151e9.jpg,train,adequado
images/train/dr_0996_jpg.rf.64977793c3ca8f036bab2e7e6dd50a98.jpg,train,adequado
images/train/dr_0015_jpg.rf.1ac936477a4dbf681db9a175c29058ff.jpg,train,adequado
images/train/dr_0052_jpg.rf.5b00148f5fb6c876780ff852de6d2bce.jpg,train,adequado
images/train/dr_0534_jpg.rf.9125d737d0cea4131e061dbc216441f6.jpg,train,inadequado
images/train/dr_0001_jpg.rf.f94abcb7858bb419a7202ef60ef95bd6.jpg,train,adequado
images/valid/dr_0644_jpg.rf.634879d5c40fdbce5662da0e74f2e326.jpg,valid,inadequado
images/train/mnd_50.png,train,adequado
images/valid/pdx_p1_30.jpg,valid,adequado
images/train/dr_0409_jpg.rf.ef1c185ade2a5486a61846707ec070c5.jpg,train,inadequado
images/valid/dr_0131_jpg.rf.fafaf3d1cac953b29d24c8db4bba2ccc.jpg,valid,adequado
images/train/dr_0968_jpg.rf.489605b2b1abbb32ae5edfed216bd355.jpg,train,adequado
images/train/pdx_p2_106_jpg.rf.a79363eb5b2bcb3ca8f61de745ad2728.jpg,train,adequado
images/train/dr_0360_jpg.rf.c03b043887e501f3f24522f4ee90ba9e.jpg,train,adequado
images/valid/dr_0442_jpg.rf.fe0d321bfc5e4b546a95811087a2c7d6.jpg,valid,inadequado
images/train/dr_0521_jpg.rf.8c50bcde3612c212d3c0b5486fac654f.jpg,train,adequado
images/valid/mnd_88.png,valid,adequado
images/train/pdx_p1_114.jpg,train,adequado
images/train/mnd_79.png,train,adequado
images/train/dr_0675_jpg.rf.1711c3279e1efd0569486699732b500c.jpg,train,inadequado
images/train/dr_0433_jpg.rf.7ceba0143f958b22cfdbaed59e3c5f4d.jpg,train,inadequado
images/train/pdx_p2_23_jpg.rf.b5b5044b756b10fd708500c09c70bbb3.jpg,train,adequado
images/train/dr_0076_jpg.rf.fb6ea4dcb60407f2023aaef39929f171.jpg,train,adequado
images/train/dr_0352_jpg.rf.3e2a868ce6e6b1ad410c236156cb260c.jpg,train,adequado
images/train/dr_0548_jpg.rf.8bb1598315853bafaecc0add9434e2bf.jpg,train,inadequado
images/train/pdx_p1_80.jpg,train,inadequado
images/train/dr_0016_jpg.rf.e5788ea3cb728d461314e96c2e4c1b8f.jpg,train,adequado
images/train/dr_0613_jpg.rf.442a5b8b560071b492d7ce90dd805054.jpg,train,inadequado
images/train/dr_0112_jpg.rf.c588f411ad361fcff3429b60b6901011.jpg,train,inadequado
images/train/dr_0336_jpg.rf.debdd846e9c70c0422755c3ed1506eea.jpg,train,inadequado
images/train/dr_0735_jpg.rf.9f0f808b699cb71c0b06f05d6388bb58.jpg,train,inadequado
images/train/dr_0029_jpg.rf.29960599908d81b43fd268dce84a168b.jpg,train,adequado
images/train/dr_0856_jpg.rf.b4fc7df168af5710e70e46af38b39dfe.jpg,train,inadequado
images/train/pdx_p1_1.jpg,train,adequado
images/train/mnd_11.png,train,adequado
images/train/dr_0966_jpg.rf.c373d07ec0273cef03079aa84d0b80bf.jpg,train,inadequado
images/train/dr_0219_jpg.rf.a63633f5d9b7666dd62a0592d68d9d01.jpg,train,inadequado
images/train/dr_0126_jpg.rf.86c9ec7203c75efed22814650e34f9ea.jpg,train,inadequado
images/test/dr_0038_jpg.rf.e13603a0be37e61c53a3b781040ce9f7.jpg,test,inadequado
images/train/pdx_p1_65.jpg,train,adequado
images/test/pdx_p1_17.jpg,test,inadequado
images/train/mnd_39.png,train,adequado
images/train/mnd_33.png,train,adequado
images/train/dr_0106_jpg.rf.7c63d232bd1781daa8ae06f1e2511100.jpg,train,inadequado
images/train/dr_0852_jpg.rf.4891de2ccb22146c2256f048c5385e1c.jpg,train,inadequado
images/train/dr_0486_jpg.rf.1137a2dc09ad4d4583079df219e9d09a.jpg,train,adequado
images/train/pdx_p3_panoramic (30).jpg,train,adequado
images/test/dr_0323_jpg.rf.2bd124050fdcb8c212a28a98519b6f5c.jpg,test,adequado
images/train/dr_0036_jpg.rf.f4139bfaa14c126ac7e7b89cc4f4e951.jpg,train,adequado
images/train/dr_0763_jpg.rf.cd54cad623b52710f8f22f2093ae0801.jpg,train,inadequado
images/test/dr_0906_jpg.rf.733b4ff98bf8afd4ea6aa34d17051fd4.jpg,test,adequado
images/train/pdx_p2_96_jpg.rf.6a149e81956ce139ebba6ffab505b372.jpg,train,adequado
images/train/dr_0318_jpg.rf.4f38b88471ac34991ad730b83f5a28c3.jpg,train,inadequado
images/train/pdx_p2_52_jpg.rf.e450098529020b7908fad34c79caf8b9.jpg,train,adequado
images/valid/dr_0709_jpg.rf.f387d58145c8d346494982265c498f2a.jpg,valid,inadequado
images/train/dr_0006_jpg.rf.61c67622b420b16bf862f7b4811df532.jpg,train,adequado
images/train/dr_0421_jpg.rf.5f5a5e644d29227db4ac9a680049c07b.jpg,train,adequado
images/valid/pdx_p2_18_jpg.rf.0a40d0d7f7e9b41aa6b373bb6c4538f4.jpg,valid,adequado
images/train/dr_0436_jpg.rf.b8f2bdf2a7a8901d572405b6ce4b8211.jpg,train,adequado
images/train/dr_0852_jpg.rf.88e5f897eb826933372766fc39f01a72.jpg,train,inadequado
images/train/dr_0966_jpg.rf.b26d0bc913180635ac0d2ec2bb9c22e0.jpg,train,adequado
images/train/dr_0208_jpg.rf.a514e196743c03a506fe526fda728ff2.jpg,train,inadequado
images/train/dr_0460_jpg.rf.8a1bbefcaa901bb5307f5cb30f6a4c35.jpg,train,adequado
images/train/pdx_p3_panoramic (35).jpg,train,adequado
images/train/dr_0252_jpg.rf.f92f6853e5359d8a68334d26fc5ec449.jpg,train,adequado
images/train/dr_0001_jpg.rf.57229a11e925669019e179341e22c97a.jpg,train,adequado
images/train/dr_0187_jpg.rf.634498fb6457d31162fa083e9e0d1ef3.jpg,train,inadequado
images/train/dr_0528_jpg.rf.60558ec64fe29f2988ce5344472daf94.jpg,train,inadequado
images/train/dr_0361_jpg.rf.9a8ec804f0abda679fbb16723d8ade20.jpg,train,inadequado
images/train/dr_0535_jpg.rf.1c6ee7b003bc8faae244bdfb96349327.jpg,train,inadequado
images/valid/dr_0551_jpg.rf.08e0df22bcccab3fbaa146a632b8f04c.jpg,valid,inadequado
images/train/mnd_21.png,train,adequado
images/test/dr_0246_jpg.rf.653968dbb7a7ed4af2e12a5cca61d0e8.jpg,test,adequado
images/train/dr_0791_jpg.rf.13c8c2a9a8c284cbc57ce4d281bc5cb7.jpg,train,adequado
images/train/dr_0757_jpg.rf.3c6bbb3606b88af5189785e9509870e1.jpg,train,inadequado
images/train/pdx_p3_panoramic (11).jpg,train,adequado
images/valid/dr_0322_jpg.rf.0937ebc1693073b26e14f900045ae0e9.jpg,valid,adequado
images/train/dr_0194_jpg.rf.8c8e80765c51b70bd10aa987c6799bba.jpg,train,adequado
images/train/dr_0043_jpg.rf.aef65631304bf5b6d9604955fb26ebb6.jpg,train,inadequado
images/train/dr_0505_jpg.rf.b10014ca69c10de1b8ad1cabc33c4fdf.jpg,train,adequado
images/train/dr_0904_jpg.rf.6769b5a28322e007ac483149a58f478a.jpg,train,inadequado
images/train/dr_0932_jpg.rf.03b2d46216e0ed522cd1db93d7149157.jpg,train,adequado
images/valid/dr_0741_jpg.rf.9d76e457e6dfcf56f618eb048460427b.jpg,valid,inadequado
images/train/dr_0193_jpg.rf.d6eb953cd82ac67e51d0272827254797.jpg,train,adequado
images/train/dr_0316_jpg.rf.ae9b196a4d8cb8ee56e315a4bca0ea38.jpg,train,adequado
images/train/pdx_p2_63_jpg.rf.f579c7c35b71677246a1965d36bc3ca1.jpg,train,adequado
images/train/dr_0301_jpg.rf.df03dfd545d23f6b819da2e20d5bef58.jpg,train,adequado
images/train/dr_0455_jpg.rf.aa57b795a26ded9f570b4e0883e94d05.jpg,train,inadequado
images/train/dr_0774_jpg.rf.febcb5b35759825a0578ba79f3956fe6.jpg,train,adequado
images/train/dr_0259_jpg.rf.ed7b8f15d059987955f038b50a459cfd.jpg,train,inadequado
images/train/dr_0300_jpg.rf.54bc5b91b567b98224b6fab8cbb6677e.jpg,train,inadequado
images/test/mnd_96.png,test,adequado
images/train/dr_0163_jpg.rf.fc6e324f529b3d1333b55cbf1a88b6ea.jpg,train,adequado
images/train/dr_0764_jpg.rf.f17c1a1fc564593c128c6fafda7a8396.jpg,train,adequado
images/valid/dr_0414_jpg.rf.ded899daadcc1b8415622edb65bdcb8d.jpg,valid,inadequado
images/train/dr_0001_jpg.rf.30a42966fb9c51553f6949b70234218d.jpg,train,adequado
images/train/dr_0375_jpg.rf.66674ee570273084021b3260e7b3a234.jpg,train,inadequado
images/train/dr_0524_jpg.rf.ea6b61b916cc574ef51a7dd4f75e5d9b.jpg,train,inadequado
images/train/dr_0674_jpg.rf.e02a155a0c135687b9301ff9a20d220a.jpg,train,inadequado
images/train/pdx_p3_panoramic (33).jpg,train,adequado
images/train/dr_0408_jpg.rf.e5a2096e88e0faf2e870720dd3ac8cd2.jpg,train,adequado
images/train/dr_0491_jpg.rf.bef949f4b449a703f386ae1f3ba4c639.jpg,train,inadequado
images/valid/dr_0537_jpg.rf.40fc8d3304437984c897ac11f4912211.jpg,valid,inadequado
images/train/dr_0393_jpg.rf.0cfec063573bf2c2a7b2c499ffeac0df.jpg,train,adequado
images/train/pdx_p2_40_jpg.rf.0f99d21f2cf82f33f6f035a05853e334.jpg,train,adequado
images/train/dr_0334_jpg.rf.922058dc8f930830a5f01621236cd308.jpg,train,inadequado
images/train/dr_0607_jpg.rf.59d0a212e5e5196c5a51f652dc201300.jpg,train,adequado
images/valid/dr_0327_jpg.rf.d7f0b49f459696a5d3dd923dd7371e88.jpg,valid,inadequado
images/train/pdx_p1_46.jpg,train,inadequado
images/train/mnd_63.png,train,adequado
images/train/dr_0381_jpg.rf.2611b650fa46a95d02df405993e954ec.jpg,train,inadequado
images/valid/dr_0319_jpg.rf.865635b4814640d241d4ca2349d1db42.jpg,valid,inadequado
images/train/dr_0991_jpg.rf.b59b148b2f92e17671996f6b128fed55.jpg,train,adequado
images/train/dr_0837_jpg.rf.f7b04f18ed8db13ef5111fb446a4cf8b.jpg,train,inadequado
images/train/dr_0452_jpg.rf.2fffa1761bb4b8d94a792da9e032f303.jpg,train,adequado
images/train/dr_0426_jpg.rf.ee294094156b2ce61eafe262d9efdf0f.jpg,train,adequado
images/train/dr_0831_jpg.rf.c6575e48c38dd618aaeda47c6b420690.jpg,train,inadequado
images/train/dr_0450_jpg.rf.eaf87a55c95bd5f16636098574cb69ec.jpg,train,inadequado
images/train/dr_0662_jpg.rf.79c0364e855fe64c705d87f448a6aec4.jpg,train,adequado
images/valid/dr_0097_jpg.rf.639ea2f59bcc0c14cf5b0135df063229.jpg,valid,adequado
images/valid/dr_0387_jpg.rf.fc8a11959313fc1aa5200e7032446cfb.jpg,valid,adequado
images/train/dr_0226_jpg.rf.8c646d28e72ade4b47ff9caef4727ff7.jpg,train,adequado
images/train/dr_0562_jpg.rf.e3a08106ba586fb3efc610b185267d0c.jpg,train,adequado
images/train/dr_0167_jpg.rf.3e057d58f1887cf8142150debf336cf7.jpg,train,inadequado
images/train/dr_0903_jpg.rf.877363b825415610373ec43c1a3ba9f8.jpg,train,adequado
images/valid/dr_0103_jpg.rf.a880b4c4b3b709f060808bf114dc93ca.jpg,valid,inadequado
images/train/dr_0295_jpg.rf.61f320e813afea89307b5b96c017b640.jpg,train,inadequado
images/train/dr_0423_jpg.rf.066f014ea5971fd0b6c7a405c2b96385.jpg,train,inadequado
images/train/mnd_55.png,train,adequado
images/train/dr_0492_jpg.rf.1fa07670a31de21c47b50da9cdd71e16.jpg,train,adequado
images/train/pdx_p1_61.jpg,train,adequado
images/train/mnd_98.png,train,adequado
images/train/dr_0652_jpg.rf.21973c910dad5d83f48863fd8590c1ba.jpg,train,adequado
images/test/dr_0668_jpg.rf.dccdcdd1ee027d2b11f9518e3d26d82f.jpg,test,adequado
images/valid/dr_0627_jpg.rf.9a216750603155f4201e8f7631c0ce67.jpg,valid,adequado
images/train/dr_0482_jpg.rf.df0668582dc398b2528f9a2d299767e6.jpg,train,adequado
images/train/dr_0637_jpg.rf.830ac9c17466481560ee91757f4a9b89.jpg,train,inadequado
images/train/dr_0380_jpg.rf.d9a5f74931260e2d5471e3837da9b1ab.jpg,train,inadequado
images/train/dr_0380_jpg.rf.71160bcbb6aa5719703ea7d2cd4c768c.jpg,train,inadequado
images/train/dr_0452_jpg.rf.d60569a4663212cfc539d403f2c07393.jpg,train,adequado
images/train/mnd_36.png,train,adequado
images/train/dr_0919_jpg.rf.279a353696209a40bea342ed7790a7dd.jpg,train,inadequado
images/train/dr_0341_jpg.rf.744301501387095027b884839167a26b.jpg,train,adequado
images/test/dr_0554_jpg.rf.1269175f2171b29dd820f6bc9648f31e.jpg,test,inadequado
images/train/pdx_p2_82_jpg.rf.ada250f6ca89ae7fec781c4569fdef86.jpg,train,adequado
images/train/dr_0795_jpg.rf.9a73d5ea2aee607edae754875d29fc1a.jpg,train,inadequado
images/train/dr_0257_jpg.rf.540ec8fb87629ab11a5e666e9ef525c1.jpg,train,inadequado
images/train/dr_0869_jpg.rf.cadc511233d59c0c15684637487daa9a.jpg,train,inadequado
images/train/mnd_78.png,train,adequado
images/valid/dr_0650_jpg.rf.bbef60fb0c8590801e7d18f0eaaa6261.jpg,valid,adequado
images/train/dr_0146_jpg.rf.2898be040eae8f8b260f2d3e271c7de9.jpg,train,inadequado
images/train/dr_0317_jpg.rf.a63c98787750751a759986a47d297e11.jpg,train,adequado
images/train/dr_0819_jpg.rf.f90ae6dc751327e1a940781a15afa47c.jpg,train,adequado
images/train/dr_0241_jpg.rf.8b51a0f11c48748ce0b460f27ddcd7e0.jpg,train,inadequado
images/train/dr_0261_jpg.rf.3935580527a97adf70199d6525b2f232.jpg,train,adequado
images/test/dr_0529_jpg.rf.d3cb17dddc3e9efd85e48c386feca1f2.jpg,test,adequado
images/train/dr_0616_jpg.rf.c38af2abd4d3d898a09d89ce6ded3c76.jpg,train,inadequado
images/valid/dr_0611_jpg.rf.68bc62a092eac6ac667d281ae35b388e.jpg,valid,adequado
images/train/dr_0348_jpg.rf.0402ca764b5230e4316b15005f8b5918.jpg,train,adequado
images/train/dr_0084_jpg.rf.b17816fe35884b27c25d085e5dd8bd8e.jpg,train,inadequado
images/valid/pdx_p2_92_jpg.rf.fa2c276fb4d822b7706795eaff19988e.jpg,valid,adequado
images/train/dr_0758_jpg.rf.28b925a268f6a50419e1597ae8d7e0be.jpg,train,adequado
images/train/pdx_p1_104.jpg,train,adequado
images/test/dr_0331_jpg.rf.d01aba9b21d057dd19c47f3188df8f68.jpg,test,adequado
images/train/dr_0666_jpg.rf.073c3d037cb4fa521ce040ef9d539d12.jpg,train,inadequado
images/train/dr_0362_jpg.rf.b73fc1c0513bf615ae82a8e28c9ac08e.jpg,train,adequado
images/train/dr_0907_jpg.rf.41ef693cd2285c238924c689f6cb57f2.jpg,train,inadequado
images/valid/dr_0598_jpg.rf.b103fda6f6879877e14619babd253df1.jpg,valid,adequado
images/train/dr_0171_jpg.rf.1041a67039c6ebd9583fe5eaa9323c51.jpg,train,inadequado
images/train/dr_0637_jpg.rf.c0c83100a26bb8be1b01f1afe1f43a15.jpg,train,inadequado
images/train/mnd_35.png,train,adequado
images/train/dr_0362_jpg.rf.d1b57a076580465e08b42fd1b042f70f.jpg,train,adequado
images/train/dr_0026_jpg.rf.bbd1150741a8489f8b286191acc235a5.jpg,train,adequado
images/train/dr_0357_jpg.rf.12be90d62f34d81828a5afbfce8ffcb8.jpg,train,inadequado
images/train/dr_0996_jpg.rf.dc96838d331a092a27eb869ac5309526.jpg,train,adequado
images/train/dr_0920_jpg.rf.ea28644a8f5bb1fbbe1984ce1207807e.jpg,train,adequado
images/valid/pdx_p2_2_jpg.rf.79448b6f42646ab6ee0aa1355f03b50e.jpg,valid,adequado
images/train/dr_0754_jpg.rf.f801aa458fbe5ff6eb56824b2701d372.jpg,train,inadequado
images/train/pdx_p3_panoramic (50).jpg,train,inadequado
images/train/dr_0227_jpg.rf.8a7063fc043c94aaca609e1be396ef6b.jpg,train,adequado
images/train/dr_0633_jpg.rf.182e4c420a21549adea33204941b15fd.jpg,train,inadequado
images/train/dr_0042_jpg.rf.96e7ba4a0b5dd70f037d15d80a6411d5.jpg,train,inadequado
images/train/dr_0223_jpg.rf.07f8de91ab59a9e6a97587aed7bca802.jpg,train,adequado
images/test/pdx_p2_56_jpg.rf.aa70d43c83c630c032151ccbf41b8a56.jpg,test,adequado
images/train/pdx_p1_70.jpg,train,adequado
images/train/dr_0036_jpg.rf.553118cbeb44d1f8861e1a250b21e883.jpg,train,inadequado
images/train/pdx_p1_52.jpg,train,inadequado
images/train/dr_0468_jpg.rf.c8c3e5d299ae578c9c8d802800e0cee9.jpg,train,inadequado
images/train/dr_0163_jpg.rf.6697c199c6927c597f0db104e9c9c8e4.jpg,train,inadequado
images/test/dr_0239_jpg.rf.1e1cbd283aab8fb5c4b9822c5970d3ed.jpg,test,inadequado
images/train/dr_0275_jpg.rf.cae3a6dc590e95704449f9eb1ff0870d.jpg,train,inadequado
images/train/dr_0281_jpg.rf.b5be34f4b31c988b838481867415e3f5.jpg,train,inadequado
images/train/pdx_p1_19.jpg,train,adequado
images/train/dr_0257_jpg.rf.891576f456f1153a791e3405176f3e15.jpg,train,inadequado
images/valid/dr_0068_jpg.rf.8d1f95a7bd401655c7768b48eb35add5.jpg,valid,inadequado
images/train/dr_0839_jpg.rf.3f02f3f2a4399196c21a0a04b9b249e3.jpg,train,inadequado
images/train/dr_0049_jpg.rf.eb2342e145717c7718b3c56a2409da00.jpg,train,inadequado
images/train/dr_0062_jpg.rf.375496ca44cac90e5d3fabe56683a14e.jpg,train,inadequado
images/valid/dr_0582_jpg.rf.701babaf140bf150cb160709fd2181c2.jpg,valid,adequado
images/valid/dr_0583_jpg.rf.4abd49cdba147a8819d61f27d68cad37.jpg,valid,inadequado
images/train/dr_0085_jpg.rf.04d7e7d1105fa2e05b3470e4e83d4b2a.jpg,train,adequado
images/train/mnd_82.png,train,adequado
images/test/pdx_p1_102.jpg,test,adequado
images/valid/dr_0041_jpg.rf.45bc3049f99113cefd018e407df2415f.jpg,valid,adequado
images/test/pdx_p1_16.jpg,test,adequado
images/train/dr_0684_jpg.rf.a4a52d53331fc224510750bdc4528e42.jpg,train,inadequado
images/train/dr_0815_jpg.rf.0002206e9b24183d5f65029f83376b39.jpg,train,inadequado
images/train/dr_0602_jpg.rf.d207ba2db5282d286f65468eb63c0efc.jpg,train,inadequado
images/test/pdx_p1_115.jpg,test,adequado
images/train/dr_0710_jpg.rf.1ec82f15d2399e9df2252f4908e44b03.jpg,train,adequado
images/train/dr_0259_jpg.rf.199d44970b4e34a0fa60db1566793d98.jpg,train,inadequado
images/train/dr_0318_jpg.rf.23a8cc7801381c084173a204daa3ebe5.jpg,train,adequado
images/train/dr_0851_jpg.rf.7c82ae41dc60570094c97fc2dad2ae19.jpg,train,inadequado
images/train/dr_0786_jpg.rf.05490a27ea8a9a0a9de12dc8864c0c80.jpg,train,inadequado
images/train/mnd_100.png,train,adequado
images/train/mnd_30.png,train,adequado
images/train/dr_0870_jpg.rf.85b16cf8cb0ccc6244b7f36451c52d23.jpg,train,inadequado
images/train/dr_0542_jpg.rf.490adc11bdfab5d94052247cc2dcf7f8.jpg,train,inadequado
images/train/dr_0333_jpg.rf.a7dada8328229a84c76eb3e259947079.jpg,train,inadequado
images/valid/mnd_87.png,valid,adequado
images/train/mnd_107.png,train,adequado
images/train/dr_0731_jpg.rf.3baadda5e98c9d47472458361792d9c2.jpg,train,inadequado
images/train/dr_0506_jpg.rf.7a3808c32bd6df29439935cfc2ac0d10.jpg,train,adequado
images/train/dr_0261_jpg.rf.cb05c1dcdaf9b00d30a54790268ac425.jpg,train,adequado
images/train/dr_0674_jpg.rf.f28ca805f38d1b6b36bc3f885c453e76.jpg,train,inadequado
images/train/pdx_p3_panoramic (28).jpg,train,inadequado
images/train/dr_0553_jpg.rf.24fafa4faefd4a63ca1a8fbcbe5d96dc.jpg,train,inadequado
images/train/pdx_p1_11.jpg,train,inadequado
images/train/dr_0468_jpg.rf.967bc4a7b27196cb5e038a55f1a9bcbb.jpg,train,inadequado
images/train/dr_0116_jpg.rf.f7ba1301c36bbc5a9f6acf750277dc31.jpg,train,adequado
images/test/mnd_26.png,test,adequado
images/train/dr_0360_jpg.rf.0b9db8b5f178f54799bf0ff3d0fd06f4.jpg,train,inadequado
images/train/dr_0974_jpg.rf.08aa86b32941f04af43189a63b4f6683.jpg,train,adequado
images/train/dr_0153_jpg.rf.1d12a4e9724531e63687c31b4237c541.jpg,train,inadequado
images/train/dr_0872_jpg.rf.005b5d1b7414e2d00e7ed05e1116f274.jpg,train,inadequado
images/valid/dr_0941_jpg.rf.88069aa1e1e0d574836d0ea77948cfcd.jpg,valid,inadequado
images/train/dr_0722_jpg.rf.18bf6ef09825070b6eeae634365fa179.jpg,train,inadequado
images/train/dr_0335_jpg.rf.294202e67d9dc9d18d302683c528e9d0.jpg,train,inadequado
images/train/pdx_p1_31.jpg,train,adequado
images/train/dr_0479_jpg.rf.8d7000985fea6db2aa8d35cc5114e144.jpg,train,adequado
images/valid/dr_0111_jpg.rf.191a24265bb5b8fbce3ba012a675cf80.jpg,valid,adequado
images/train/dr_0587_jpg.rf.ce90a107e856aea3cfa1331d2bd14d08.jpg,train,inadequado
images/train/dr_0094_jpg.rf.3b3811e24555afefc2cf3d9224d701bd.jpg,train,inadequado
images/valid/dr_0539_jpg.rf.725214aa91d5166e4c1e04b15ab0e745.jpg,valid,inadequado
images/train/dr_0155_jpg.rf.a50ee2f431452cdb93c260fe494820e7.jpg,train,adequado
images/train/dr_0166_jpg.rf.b1095ba856cad292ada26764888ccc75.jpg,train,inadequado
images/train/dr_0578_jpg.rf.e7fa4b7b3d1c15d9cdfe55f6104fae87.jpg,train,adequado
images/train/pdx_p1_8.jpg,train,adequado
images/train/dr_0157_jpg.rf.2a6356c6d92e75369870f21d889f95c7.jpg,train,inadequado
images/train/pdx_p1_40.jpg,train,adequado
images/train/dr_0528_jpg.rf.e77c08c50a3a5fa6775a204568db14fe.jpg,train,inadequado
images/train/dr_0336_jpg.rf.f3614a0b62b052d727755ac2c2201fcf.jpg,train,inadequado
images/train/dr_0828_jpg.rf.bc34f8c96518ce2b8c2bd4ea4d9f07ba.jpg,train,inadequado
images/train/dr_0497_jpg.rf.7aec616083b83cfbcaccae867bf6cc71.jpg,train,adequado
images/train/dr_0430_jpg.rf.119653f6cf9090a9aad456671cdd87a5.jpg,train,adequado
images/train/dr_0376_jpg.rf.6af6a7b5b9d145e2cf15ef535abe0996.jpg,train,inadequado
images/train/dr_0434_jpg.rf.983cdb4ed75edf00e84ce2c58c84df49.jpg,train,inadequado
images/train/dr_0404_jpg.rf.c9e0e83ed6b525418726f988295ccae0.jpg,train,inadequado
images/train/dr_0567_jpg.rf.97b8c6c2b98f06bfedd72e2083a78d6a.jpg,train,adequado
images/valid/dr_0658_jpg.rf.36d28be2eeeb712655bc0e7e29c5456c.jpg,valid,adequado
images/train/dr_0241_jpg.rf.59f2be40cefe84285e85e3092267cc0d.jpg,train,inadequado
images/train/dr_0325_jpg.rf.027ef1f92ff5b84b942588ab9f6a1987.jpg,train,inadequado
images/train/dr_0719_jpg.rf.e4f7d29b2be36550a95d39830bae7696.jpg,train,adequado
images/train/dr_0516_jpg.rf.51a1a503189c6a1ab6129efdd2b2daf8.jpg,train,inadequado
images/train/dr_0509_jpg.rf.dbd6d10852757ba6bfb8d59fcca224b4.jpg,train,inadequado
images/train/mnd_76.png,train,adequado
images/train/dr_0222_jpg.rf.662398d205a5f1d59efe3edb9d131f73.jpg,train,inadequado
images/test/pdx_p1_6.jpg,test,adequado
images/train/dr_0998_jpg.rf.0294c99b146c08fddbab3bbf1b432abf.jpg,train,inadequado
images/train/dr_0059_jpg.rf.322f640fcf5d058b67cbede8fd5664c7.jpg,train,inadequado
images/test/dr_0814_jpg.rf.9da25d065869dffe1c6843dd2b8feb52.jpg,test,inadequado
images/train/dr_0698_jpg.rf.9932d7f9086eca3b7c01a98bece7fe89.jpg,train,inadequado
images/valid/dr_0855_jpg.rf.8489e77153d687fc24b595755459a588.jpg,valid,adequado
images/train/dr_0943_jpg.rf.ea8cbb9a0d4c26887983b0b59caa5773.jpg,train,inadequado
images/train/dr_0738_jpg.rf.3a7a5516f5f059f97e49d6fbbc25c6eb.jpg,train,inadequado
images/train/dr_0603_jpg.rf.5616d563df0af72a8e0124c4df5788bd.jpg,train,inadequado
images/valid/pdx_p1_121.jpg,valid,adequado
images/train/pdx_p3_panoramic (54).jpg,train,inadequado
images/test/dr_0053_jpg.rf.0a39e4969cb730a0e08d415d819e14d9.jpg,test,inadequado
images/train/dr_0373_jpg.rf.45f290b4f30e59a49349056f7341d365.jpg,train,adequado
images/train/dr_0687_jpg.rf.732c9c168e90249fec4e55c0ae699e96.jpg,train,adequado
images/train/dr_0559_jpg.rf.813383ecb8672b997e5ef798b2250d6f.jpg,train,adequado
images/train/dr_0719_jpg.rf.041f488043af405b5b8431efc3d8f157.jpg,train,adequado
images/test/dr_0641_jpg.rf.b40d29cb838c0bbe0bcf079f35ede7ce.jpg,test,inadequado
images/train/dr_0330_jpg.rf.c4eca1f0b61f5e030ac0517d1d1a3f25.jpg,train,inadequado
images/train/dr_0320_jpg.rf.44f757cb8bda6b63208f21fab5ae6a5d.jpg,train,inadequado
images/train/dr_0751_jpg.rf.880ad4539b14e7bb89e94943bccfb4b9.jpg,train,adequado
images/train/dr_0430_jpg.rf.c3dce9c21244019bf69094e147571ec3.jpg,train,adequado
images/train/dr_0374_jpg.rf.7643dc79bb83dd0d2ab32406eecde80c.jpg,train,inadequado
images/train/dr_0764_jpg.rf.b8fffd780e5a12b7ec1fa76401e58b16.jpg,train,inadequado
images/train/dr_0546_jpg.rf.6c3f63ab9ada5a0d617ae81c4669c75a.jpg,train,adequado
images/train/dr_0017_jpg.rf.b734da38bda84b1bd73764997a4c29db.jpg,train,inadequado
images/train/dr_0742_jpg.rf.40c93c1590ebef6c6a35623222fd4cdd.jpg,train,inadequado
images/train/dr_0310_jpg.rf.fd04b7d595664cff5b5703f11e41c1da.jpg,train,inadequado
images/valid/dr_0834_jpg.rf.5fd767b97b8d161100ce894254e5783f.jpg,valid,adequado
images/train/dr_0826_jpg.rf.60bb76f3011c5121abad2747e150268a.jpg,train,inadequado
images/train/dr_0455_jpg.rf.3208801f9e20a797eeb9efcbc2a23bc3.jpg,train,inadequado
images/train/dr_0915_jpg.rf.8af6c4fbbf051928eed31aadcdae62a0.jpg,train,inadequado
images/train/dr_0423_jpg.rf.63f614c83507e8259e670acde9985106.jpg,train,inadequado
images/train/dr_0170_jpg.rf.4fd8f8e6179d4c147396b5dfa63fb65e.jpg,train,inadequado
images/train/dr_0942_jpg.rf.a14f1fed95c2e82468c8b95c0c5c9da5.jpg,train,adequado
images/train/dr_0714_jpg.rf.da9464b63253baa36169df543476fb21.jpg,train,inadequado
images/train/dr_0343_jpg.rf.8a8d83e6524223299b7e9a19d9d2a52a.jpg,train,inadequado
images/train/dr_0822_jpg.rf.b5e7667977f09e506a3a501cf843db3c.jpg,train,inadequado
images/train/pdx_p3_panoramic (9).jpg,train,adequado
images/train/dr_0826_jpg.rf.f1fb71c996c5d4a13872f281862b6882.jpg,train,inadequado
images/valid/dr_0560_jpg.rf.5354b6254d7b3e123ce8c1a8c83b2560.jpg,valid,inadequado
images/train/dr_0376_jpg.rf.a149d4754e3e915fde460501ae429d99.jpg,train,inadequado
images/train/pdx_p3_panoramic (3).jpg,train,adequado
images/train/dr_0221_jpg.rf.348696493b4a4d58150f26f09f4791ff.jpg,train,inadequado
images/train/dr_0453_jpg.rf.aa25025f74934ee6f2aa3fe2ea363ce2.jpg,train,inadequado
images/train/dr_0364_jpg.rf.bfe61736e24cd54b97e44771b18c70e7.jpg,train,adequado
images/train/pdx_p3_panoramic (51).jpg,train,adequado
images/train/dr_0394_jpg.rf.3887102f2c9c25d683cfbadf86611a99.jpg,train,inadequado
images/train/dr_0546_jpg.rf.94f4b11c23e0ba4ca1035338e4659c1b.jpg,train,inadequado
images/train/dr_0801_jpg.rf.d76f0a61443e5137ce696974474d228a.jpg,train,inadequado
images/train/asu_519.jpg,train,inadequado
images/train/asu_306.jpg,train,adequado
images/train/asu_327.jpg,train,adequado
images/train/asu_124.jpg,train,inadequado
images/train/asu_330.jpg,train,adequado
images/train/asu_539.jpg,train,adequado
images/train/asu_134.jpg,train,adequado
images/train/asu_199.jpg,train,adequado
images/valid/asu_532.jpg,valid,adequado
images/train/asu_434.jpg,train,inadequado
images/train/asu_392.jpg,train,adequado
images/train/asu_132.jpg,train,adequado
images/valid/asu_283.jpg,valid,inadequado
images/train/asu_444.jpg,train,adequado
images/train/asu_566.jpg,train,adequado
images/train/asu_127.jpg,train,adequado
images/train/asu_34.jpg,train,adequado
images/test/asu_409.jpg,test,adequado
images/train/asu_190.jpg,train,adequado
images/train/asu_118.jpg,train,adequado
images/train/asu_471.jpg,train,adequado
images/train/asu_377.jpg,train,adequado
images/train/asu_367.jpg,train,inadequado
images/train/asu_343.jpg,train,adequado
images/train/asu_560.jpg,train,adequado
images/train/asu_1.jpg,train,adequado
images/valid/asu_368.jpg,valid,inadequado
images/train/asu_182.jpg,train,adequado
images/test/asu_489.jpg,test,adequado
images/train/asu_147.jpg,train,adequado
images/train/asu_244.jpg,train,adequado
images/train/asu_411.jpg,train,adequado
images/train/asu_317.jpg,train,adequado
images/train/asu_181.jpg,train,adequado
images/test/asu_96.jpg,test,adequado
images/test/asu_227.jpg,test,adequado
images/test/asu_185.jpg,test,adequado
images/test/asu_345.jpg,test,adequado
images/train/asu_573.jpg,train,adequado
images/train/asu_592.jpg,train,inadequado
images/test/asu_486.jpg,test,adequado
images/valid/asu_221.jpg,valid,inadequado
images/train/asu_463.jpg,train,adequado
images/train/asu_36.jpg,train,inadequado
images/train/asu_157.jpg,train,adequado
images/train/asu_47.jpg,train,adequado
images/train/asu_260.jpg,train,adequado
images/train/asu_385.jpg,train,inadequado
images/train/asu_272.jpg,train,inadequado
images/test/asu_300.jpg,test,inadequado
images/test/asu_9.jpg,test,inadequado
images/train/asu_473.jpg,train,adequado
images/train/asu_557.jpg,train,adequado
images/train/asu_136.jpg,train,adequado
images/train/asu_407.jpg,train,adequado
images/train/asu_574.jpg,train,adequado
images/train/asu_428.jpg,train,adequado
images/train/asu_518.jpg,train,adequado
images/train/asu_446.jpg,train,inadequado
images/train/asu_562.jpg,train,adequado
images/valid/asu_347.jpg,valid,adequado
images/train/asu_19.jpg,train,inadequado
images/train/asu_500.jpg,train,adequado
images/train/asu_381.jpg,train,adequado
images/train/asu_364.jpg,train,adequado
images/train/asu_373.jpg,train,adequado
images/train/asu_315.jpg,train,adequado
images/train/asu_514.jpg,train,adequado
images/train/asu_462.jpg,train,adequado
images/train/asu_536.jpg,train,adequado
images/train/asu_67.jpg,train,adequado
images/train/asu_204.jpg,train,adequado
images/train/asu_577.jpg,train,adequado
images/train/asu_430.jpg,train,adequado
images/train/asu_106.jpg,train,adequado
images/train/asu_466.jpg,train,adequado
images/test/asu_469.jpg,test,adequado
images/train/asu_438.jpg,train,adequado
images/train/asu_286.jpg,train,adequado
images/train/asu_533.jpg,train,inadequado
images/train/asu_589.jpg,train,inadequado
images/train/asu_131.jpg,train,adequado
images/train/asu_216.jpg,train,adequado
images/train/asu_166.jpg,train,inadequado
images/train/asu_113.jpg,train,adequado
images/valid/asu_567.jpg,valid,inadequado
images/train/asu_290.jpg,train,inadequado
images/test/asu_298.jpg,test,adequado
images/train/asu_72.jpg,train,inadequado
images/train/asu_307.jpg,train,inadequado
images/valid/asu_103.jpg,valid,inadequado
images/valid/asu_15.jpg,valid,inadequado
images/valid/asu_590.jpg,valid,adequado
images/train/asu_569.jpg,train,adequado
images/train/asu_334.jpg,train,inadequado
images/train/asu_545.jpg,train,inadequado
images/train/asu_205.jpg,train,inadequado
images/test/asu_140.jpg,test,adequado
images/train/asu_197.jpg,train,adequado
images/test/asu_43.jpg,test,inadequado
images/train/asu_311.jpg,train,inadequado
images/train/asu_236.jpg,train,adequado
images/valid/asu_431.jpg,valid,adequado
images/train/asu_535.jpg,train,adequado
images/train/asu_505.jpg,train,adequado
images/test/asu_257.jpg,test,inadequado
images/train/asu_248.jpg,train,adequado
images/train/asu_261.jpg,train,adequado
images/train/asu_456.jpg,train,adequado
images/train/asu_273.jpg,train,adequado
images/test/asu_123.jpg,test,adequado
images/train/asu_384.jpg,train,inadequado
images/train/asu_198.jpg,train,adequado
images/train/asu_433.jpg,train,inadequado
images/train/asu_558.jpg,train,adequado
images/train/asu_484.jpg,train,adequado
images/train/asu_262.jpg,train,adequado
images/train/asu_452.jpg,train,adequado
images/train/asu_425.jpg,train,adequado
images/train/asu_550.jpg,train,adequado
images/train/asu_51.jpg,train,adequado
images/train/asu_476.jpg,train,adequado
images/train/asu_159.jpg,train,adequado
images/train/asu_94.jpg,train,inadequado
images/train/asu_485.jpg,train,adequado
images/train/asu_488.jpg,train,inadequado
images/valid/asu_277.jpg,valid,adequado
images/train/asu_575.jpg,train,adequado
images/train/asu_6.jpg,train,inadequado
images/train/asu_2.jpg,train,adequado
images/test/asu_355.jpg,test,inadequado
images/train/asu_581.jpg,train,adequado
images/valid/asu_453.jpg,valid,adequado
images/train/asu_108.jpg,train,adequado
images/train/asu_160.jpg,train,inadequado
images/train/asu_563.jpg,train,inadequado
images/test/asu_435.jpg,test,adequado
images/train/asu_436.jpg,train,adequado
images/valid/asu_214.jpg,valid,inadequado
images/train/asu_247.jpg,train,adequado
images/train/asu_238.jpg,train,adequado
images/valid/asu_54.jpg,valid,inadequado
images/train/asu_344.jpg,train,adequado
images/train/asu_546.jpg,train,adequado
images/train/asu_370.jpg,train,inadequado
images/test/asu_352.jpg,test,inadequado
images/train/asu_341.jpg,train,adequado
images/valid/asu_507.jpg,valid,inadequado
images/train/asu_222.jpg,train,adequado
images/train/asu_427.jpg,train,inadequado
images/train/asu_451.jpg,train,adequado
images/train/asu_69.jpg,train,adequado
images/train/asu_231.jpg,train,inadequado
images/test/asu_165.jpg,test,adequado
images/test/asu_442.jpg,test,adequado
images/train/asu_410.jpg,train,adequado
images/train/asu_498.jpg,train,adequado
images/test/asu_90.jpg,test,inadequado
images/valid/asu_3.jpg,valid,adequado
images/train/asu_42.jpg,train,adequado
images/valid/asu_85.jpg,valid,adequado
images/train/asu_492.jpg,train,inadequado
images/train/asu_398.jpg,train,inadequado
images/train/asu_75.jpg,train,inadequado
images/train/asu_420.jpg,train,adequado
images/train/asu_149.jpg,train,adequado
images/train/asu_284.jpg,train,inadequado
images/test/asu_512.jpg,test,adequado
images/train/asu_116.jpg,train,inadequado
images/train/asu_568.jpg,train,adequado
images/train/asu_378.jpg,train,inadequado
images/test/asu_304.jpg,test,adequado
images/train/asu_312.jpg,train,adequado
images/train/asu_122.jpg,train,adequado
images/train/asu_240.jpg,train,adequado
images/train/asu_152.jpg,train,adequado
images/train/asu_497.jpg,train,adequado
images/train/asu_109.jpg,train,inadequado
images/train/asu_195.jpg,train,inadequado
images/test/asu_92.jpg,test,adequado
images/valid/asu_534.jpg,valid,inadequado
images/train/asu_439.jpg,train,adequado
images/train/asu_570.jpg,train,adequado
images/train/asu_548.jpg,train,inadequado
images/train/asu_388.jpg,train,adequado
images/train/asu_380.jpg,train,inadequado
images/train/asu_84.jpg,train,adequado
images/train/asu_530.jpg,train,adequado
images/test/asu_121.jpg,test,adequado
images/train/asu_310.jpg,train,adequado
images/train/asu_357.jpg,train,adequado
images/test/asu_163.jpg,test,inadequado
images/train/asu_371.jpg,train,adequado
images/train/asu_495.jpg,train,inadequado
images/valid/asu_496.jpg,valid,adequado
images/train/asu_191.jpg,train,inadequado
images/train/asu_457.jpg,train,adequado
images/train/asu_515.jpg,train,inadequado
images/train/asu_148.jpg,train,adequado
images/train/asu_10.jpg,train,adequado
images/train/asu_417.jpg,train,adequado
images/train/asu_52.jpg,train,inadequado
images/train/asu_414.jpg,train,inadequado
images/test/asu_399.jpg,test,adequado
images/test/asu_172.jpg,test,inadequado
images/train/asu_53.jpg,train,adequado
images/train/asu_194.jpg,train,inadequado
images/train/asu_156.jpg,train,inadequado
images/train/asu_38.jpg,train,adequado
images/train/asu_24.jpg,train,adequado
images/valid/asu_447.jpg,valid,adequado
images/train/asu_135.jpg,train,adequado
images/test/asu_230.jpg,test,inadequado
images/valid/asu_162.jpg,valid,inadequado
images/train/asu_169.jpg,train,inadequado
images/train/asu_394.jpg,train,adequado
images/train/asu_203.jpg,train,inadequado
images/train/asu_101.jpg,train,adequado
images/train/asu_375.jpg,train,adequado
images/test/asu_295.jpg,test,adequado
images/valid/asu_593.jpg,valid,adequado
images/train/asu_474.jpg,train,inadequado
images/train/asu_458.jpg,train,inadequado
images/train/asu_423.jpg,train,inadequado
images/train/asu_510.jpg,train,adequado
images/test/asu_292.jpg,test,adequado
images/train/asu_217.jpg,train,adequado
images/train/asu_376.jpg,train,inadequado
images/train/asu_130.jpg,train,adequado
images/test/asu_282.jpg,test,adequado
images/train/asu_359.jpg,train,inadequado
images/train/asu_186.jpg,train,adequado
images/valid/asu_445.jpg,valid,adequado
images/train/asu_215.jpg,train,inadequado
images/train/asu_365.jpg,train,adequado
images/train/asu_289.jpg,train,adequado
images/train/asu_196.jpg,train,adequado
images/test/asu_212.jpg,test,adequado
images/train/asu_119.jpg,train,adequado
images/train/asu_584.jpg,train,adequado
images/train/asu_144.jpg,train,adequado
images/train/asu_336.jpg,train,inadequado
images/train/asu_363.jpg,train,adequado
images/test/asu_220.jpg,test,adequado
images/train/asu_400.jpg,train,adequado
images/valid/asu_354.jpg,valid,adequado
images/train/asu_472.jpg,train,adequado
images/test/asu_301.jpg,test,adequado
images/train/asu_477.jpg,train,adequado
images/train/asu_482.jpg,train,adequado
images/train/asu_267.jpg,train,adequado
images/valid/asu_120.jpg,valid,inadequado
images/train/asu_211.jpg,train,inadequado
images/train/asu_21.jpg,train,inadequado
images/valid/asu_234.jpg,valid,inadequado
images/test/asu_342.jpg,test,adequado
images/train/asu_302.jpg,train,adequado
images/train/asu_478.jpg,train,adequado
images/train/asu_293.jpg,train,adequado
images/train/asu_493.jpg,train,adequado
images/train/asu_137.jpg,train,adequado
images/train/asu_541.jpg,train,adequado
images/train/asu_480.jpg,train,inadequado
images/test/asu_242.jpg,test,adequado
images/test/asu_246.jpg,test,inadequado
images/train/asu_504.jpg,train,adequado
images/valid/asu_333.jpg,valid,inadequado
images/train/asu_316.jpg,train,adequado
images/train/asu_154.jpg,train,inadequado
images/train/asu_29.jpg,train,adequado
images/train/asu_305.jpg,train,adequado
images/test/asu_126.jpg,test,adequado
images/test/asu_25.jpg,test,adequado
images/test/asu_184.jpg,test,adequado
images/train/asu_91.jpg,train,adequado
images/valid/asu_443.jpg,valid,adequado
images/train/asu_224.jpg,train,adequado
images/train/asu_280.jpg,train,adequado
images/test/asu_324.jpg,test,adequado
images/train/asu_210.jpg,train,inadequado
images/train/asu_99.jpg,train,adequado
images/test/asu_18.jpg,test,adequado
images/train/asu_441.jpg,train,adequado
images/train/asu_105.jpg,train,adequado
images/train/asu_5.jpg,train,adequado
images/train/asu_454.jpg,train,adequado
images/train/asu_48.jpg,train,adequado
images/valid/asu_598.jpg,valid,inadequado
images/train/asu_146.jpg,train,adequado
images/train/asu_158.jpg,train,adequado
images/train/asu_188.jpg,train,adequado
images/train/asu_13.jpg,train,inadequado
images/train/asu_468.jpg,train,adequado
images/train/asu_479.jpg,train,adequado
images/train/asu_502.jpg,train,inadequado
images/train/asu_255.jpg,train,adequado
images/train/asu_100.jpg,train,adequado
images/train/asu_382.jpg,train,adequado
images/test/asu_521.jpg,test,adequado
images/train/asu_421.jpg,train,adequado
images/valid/asu_22.jpg,valid,inadequado
images/train/asu_241.jpg,train,adequado
images/train/asu_279.jpg,train,adequado
images/train/asu_386.jpg,train,adequado
images/test/asu_432.jpg,test,adequado
images/train/asu_228.jpg,train,adequado
images/train/asu_429.jpg,train,inadequado
images/train/asu_556.jpg,train,inadequado
images/train/asu_383.jpg,train,adequado
images/test/asu_37.jpg,test,adequado
images/train/asu_50.jpg,train,adequado
images/train/asu_337.jpg,train,adequado
images/train/asu_142.jpg,train,adequado
images/train/asu_117.jpg,train,inadequado
images/train/asu_596.jpg,train,inadequado
images/train/asu_107.jpg,train,adequado
images/valid/asu_374.jpg,valid,inadequado
images/train/asu_145.jpg,train,adequado
images/train/asu_138.jpg,train,adequado
images/train/asu_465.jpg,train,adequado
images/test/asu_83.jpg,test,adequado
images/train/asu_26.jpg,train,adequado
images/train/asu_219.jpg,train,adequado
images/train/asu_223.jpg,train,adequado
images/train/asu_89.jpg,train,adequado
images/train/asu_97.jpg,train,inadequado
images/train/asu_353.jpg,train,inadequado
images/test/asu_93.jpg,test,adequado
images/test/asu_128.jpg,test,adequado
images/train/asu_271.jpg,train,adequado
images/train/asu_331.jpg,train,adequado
images/train/asu_226.jpg,train,adequado
images/train/asu_245.jpg,train,adequado
images/train/asu_588.jpg,train,adequado
images/train/asu_450.jpg,train,adequado
images/train/asu_576.jpg,train,adequado
images/train/asu_179.jpg,train,adequado
images/train/asu_174.jpg,train,inadequado
images/train/asu_81.jpg,train,adequado
images/train/asu_537.jpg,train,adequado
images/test/asu_440.jpg,test,adequado
images/train/asu_529.jpg,train,adequado
images/test/asu_525.jpg,test,adequado
images/train/asu_415.jpg,train,inadequado
images/train/asu_583.jpg,train,inadequado
images/train/asu_254.jpg,train,adequado
images/valid/asu_326.jpg,valid,adequado
images/test/asu_78.jpg,test,adequado
images/test/asu_294.jpg,test,adequado
images/train/asu_14.jpg,train,inadequado
images/test/asu_348.jpg,test,inadequado
images/train/asu_28.jpg,train,adequado
images/train/asu_351.jpg,train,adequado
images/train/asu_372.jpg,train,adequado
images/train/asu_218.jpg,train,adequado
images/test/asu_565.jpg,test,inadequado
images/train/asu_494.jpg,train,adequado
images/train/asu_180.jpg,train,inadequado
images/valid/asu_79.jpg,valid,inadequado
images/test/asu_412.jpg,test,inadequado
images/train/asu_349.jpg,train,adequado
images/train/asu_281.jpg,train,adequado
images/train/asu_4.jpg,train,adequado
images/train/asu_269.jpg,train,adequado
images/train/asu_501.jpg,train,adequado
images/train/asu_328.jpg,train,inadequado
images/train/asu_253.jpg,train,adequado
images/test/asu_448.jpg,test,adequado
images/train/asu_82.jpg,train,adequado
images/train/asu_237.jpg,train,adequado
images/train/asu_299.jpg,train,adequado
images/train/asu_102.jpg,train,adequado
images/train/asu_125.jpg,train,adequado
images/test/asu_45.jpg,test,adequado
images/train/asu_524.jpg,train,adequado
images/test/asu_192.jpg,test,adequado
images/test/asu_249.jpg,test,adequado
images/train/asu_296.jpg,train,adequado
images/train/asu_379.jpg,train,adequado
images/test/asu_366.jpg,test,adequado
images/train/asu_164.jpg,train,adequado
images/valid/asu_20.jpg,valid,inadequado
images/train/asu_350.jpg,train,adequado
images/train/asu_11.jpg,train,inadequado
images/train/asu_461.jpg,train,adequado
images/train/asu_356.jpg,train,adequado
images/train/asu_278.jpg,train,adequado
images/train/asu_235.jpg,train,adequado
images/train/asu_587.jpg,train,adequado
images/train/asu_133.jpg,train,adequado
images/train/asu_338.jpg,train,inadequado
images/valid/asu_369.jpg,valid,inadequado
images/train/asu_176.jpg,train,adequado
images/test/asu_189.jpg,test,adequado
images/train/asu_71.jpg,train,inadequado
images/train/asu_597.jpg,train,adequado
images/test/asu_31.jpg,test,adequado
images/train/asu_173.jpg,train,adequado
images/train/asu_161.jpg,train,adequado
images/train/asu_418.jpg,train,adequado
images/train/asu_579.jpg,train,adequado
images/train/asu_582.jpg,train,adequado
images/train/asu_44.jpg,train,inadequado
images/train/asu_499.jpg,train,inadequado
images/train/asu_437.jpg,train,adequado
images/train/asu_55.jpg,train,inadequado
images/train/asu_580.jpg,train,inadequado
images/train/asu_401.jpg,train,adequado
images/test/asu_68.jpg,test,inadequado
images/test/asu_30.jpg,test,adequado
images/train/asu_393.jpg,train,adequado
images/train/asu_551.jpg,train,adequado
images/train/asu_141.jpg,train,adequado
images/train/asu_483.jpg,train,inadequado
images/train/asu_70.jpg,train,inadequado
images/train/asu_527.jpg,train,adequado
images/train/asu_76.jpg,train,inadequado
images/test/asu_61.jpg,test,adequado
images/valid/asu_561.jpg,valid,inadequado
images/train/asu_263.jpg,train,adequado
images/train/asu_12.jpg,train,adequado
images/train/asu_506.jpg,train,inadequado
images/train/asu_291.jpg,train,adequado
images/train/asu_419.jpg,train,inadequado
images/train/asu_170.jpg,train,inadequado
images/train/asu_115.jpg,train,adequado
images/valid/asu_297.jpg,valid,inadequado
images/train/asu_549.jpg,train,inadequado
images/train/asu_252.jpg,train,adequado
images/train/asu_167.jpg,train,adequado
images/test/asu_426.jpg,test,adequado
images/train/asu_520.jpg,train,adequado
images/train/asu_183.jpg,train,adequado
images/train/asu_470.jpg,train,adequado
images/train/asu_274.jpg,train,adequado
images/train/asu_559.jpg,train,inadequado
images/train/asu_285.jpg,train,inadequado
images/train/asu_540.jpg,train,adequado
images/train/asu_491.jpg,train,inadequado
images/train/asu_112.jpg,train,inadequado
images/train/asu_552.jpg,train,inadequado
images/valid/asu_17.jpg,valid,inadequado
images/train/asu_553.jpg,train,inadequado
images/test/asu_73.jpg,test,adequado
images/train/asu_422.jpg,train,inadequado
images/train/asu_225.jpg,train,adequado
images/test/asu_276.jpg,test,adequado
images/valid/asu_275.jpg,valid,adequado
images/train/asu_511.jpg,train,inadequado
images/train/asu_206.jpg,train,adequado
images/valid/asu_314.jpg,valid,adequado
images/valid/asu_64.jpg,valid,adequado
images/train/asu_405.jpg,train,inadequado
images/train/asu_251.jpg,train,adequado
images/train/asu_229.jpg,train,adequado
images/train/asu_87.jpg,train,adequado
images/train/asu_8.jpg,train,inadequado
images/train/asu_265.jpg,train,adequado
images/valid/asu_571.jpg,valid,adequado
images/train/asu_459.jpg,train,inadequado
images/train/asu_487.jpg,train,inadequado
images/valid/asu_151.jpg,valid,adequado
images/train/asu_268.jpg,train,adequado
images/train/asu_361.jpg,train,inadequado
images/valid/asu_389.jpg,valid,adequado
images/train/asu_46.jpg,train,inadequado
images/train/asu_27.jpg,train,inadequado
images/train/asu_322.jpg,train,adequado
images/test/asu_213.jpg,test,adequado
images/train/asu_258.jpg,train,adequado
images/train/asu_391.jpg,train,adequado
images/test/asu_416.jpg,test,adequado
images/train/asu_402.jpg,train,adequado
images/train/asu_111.jpg,train,inadequado
images/test/asu_63.jpg,test,adequado
images/test/asu_346.jpg,test,adequado
images/train/asu_243.jpg,train,inadequado
images/train/asu_49.jpg,train,adequado
images/train/asu_239.jpg,train,inadequado
images/train/asu_178.jpg,train,inadequado
images/train/asu_397.jpg,train,adequado
images/test/asu_449.jpg,test,adequado
images/train/asu_209.jpg,train,adequado
images/train/asu_325.jpg,train,inadequado
images/valid/asu_57.jpg,valid,adequado
images/train/asu_143.jpg,train,adequado
images/train/asu_7.jpg,train,inadequado
images/train/asu_33.jpg,train,adequado
images/train/asu_475.jpg,train,inadequado
images/train/asu_555.jpg,train,adequado
images/train/asu_287.jpg,train,inadequado
images/train/asu_207.jpg,train,inadequado
images/train/asu_80.jpg,train,adequado
images/test/asu_309.jpg,test,adequado
images/train/asu_572.jpg,train,inadequado
images/train/asu_319.jpg,train,adequado
images/test/asu_522.jpg,test,adequado
images/train/asu_110.jpg,train,adequado
images/train/asu_467.jpg,train,adequado
images/train/asu_60.jpg,train,adequado
images/train/asu_303.jpg,train,adequado
images/train/asu_323.jpg,train,adequado
images/valid/asu_256.jpg,valid,adequado
images/valid/asu_266.jpg,valid,adequado
images/train/asu_288.jpg,train,adequado
images/test/asu_56.jpg,test,inadequado
images/test/asu_201.jpg,test,inadequado
images/train/asu_23.jpg,train,adequado
images/train/asu_168.jpg,train,inadequado
images/valid/asu_395.jpg,valid,adequado
images/train/asu_396.jpg,train,adequado
images/train/asu_153.jpg,train,inadequado
images/train/asu_490.jpg,train,inadequado
images/test/asu_139.jpg,test,adequado
images/train/asu_259.jpg,train,adequado
images/test/asu_594.jpg,test,inadequado
images/train/asu_360.jpg,train,adequado
images/train/asu_564.jpg,train,adequado
images/train/asu_264.jpg,train,adequado
images/train/asu_340.jpg,train,inadequado
images/train/asu_77.jpg,train,adequado
images/train/asu_329.jpg,train,adequado
images/train/asu_528.jpg,train,adequado
images/train/asu_233.jpg,train,inadequado
images/train/asu_177.jpg,train,adequado
images/train/asu_40.jpg,train,adequado
images/test/asu_517.jpg,test,adequado
images/test/asu_104.jpg,test,inadequado
images/train/asu_58.jpg,train,inadequado
images/train/asu_408.jpg,train,inadequado
images/train/asu_523.jpg,train,inadequado
images/test/asu_171.jpg,test,adequado
images/train/asu_232.jpg,train,adequado
images/train/asu_591.jpg,train,adequado
images/train/asu_66.jpg,train,inadequado
images/train/asu_481.jpg,train,adequado
images/train/asu_544.jpg,train,adequado
images/test/asu_150.jpg,test,adequado
images/train/asu_175.jpg,train,inadequado
images/train/asu_586.jpg,train,inadequado
images/train/asu_362.jpg,train,inadequado
images/train/asu_406.jpg,train,adequado
images/train/asu_114.jpg,train,adequado
images/train/asu_542.jpg,train,inadequado
images/train/asu_509.jpg,train,adequado
images/train/asu_155.jpg,train,inadequado
images/train/asu_335.jpg,train,inadequado
images/train/asu_387.jpg,train,adequado
images/train/asu_32.jpg,train,adequado
images/train/asu_200.jpg,train,adequado
images/train/asu_35.jpg,train,adequado
images/train/asu_95.jpg,train,adequado
images/train/asu_41.jpg,train,inadequado
images/train/asu_88.jpg,train,inadequado
images/train/asu_208.jpg,train,inadequado
images/train/asu_187.jpg,train,inadequado
images/test/asu_313.jpg,test,adequado
images/train/asu_508.jpg,train,adequado
images/test/asu_358.jpg,test,adequado
images/train/asu_455.jpg,train,adequado
images/train/asu_513.jpg,train,adequado
images/train/asu_538.jpg,train,adequado
images/test/asu_464.jpg,test,inadequado
images/train/asu_460.jpg,train,adequado
images/test/asu_86.jpg,test,adequado
images/train/asu_270.jpg,train,inadequado
images/valid/asu_74.jpg,valid,adequado
images/train/asu_578.jpg,train,adequado
images/train/asu_318.jpg,train,inadequado
images/test/asu_16.jpg,test,adequado
images/train/asu_543.jpg,train,inadequado
images/train/asu_250.jpg,train,inadequado
images/train/asu_320.jpg,train,inadequado
images/train/asu_332.jpg,train,adequado
images/train/asu_321.jpg,train,adequado
images/train/asu_547.jpg,train,adequado
images/train/asu_62.jpg,train,adequado
images/train/asu_424.jpg,train,adequado
images/train/asu_526.jpg,train,adequado
images/train/asu_404.jpg,train,inadequado
images/train/asu_202.jpg,train,adequado
images/valid/asu_413.jpg,valid,adequado
images/train/asu_59.jpg,train,adequado
images/test/asu_390.jpg,test,inadequado
images/valid/asu_308.jpg,valid,adequado
images/train/asu_531.jpg,train,adequado
images/train/asu_516.jpg,train,adequado
images/train/asu_595.jpg,train,adequado
images/test/asu_193.jpg,test,inadequado
images/train/asu_129.jpg,train,inadequado
images/train/asu_503.jpg,train,inadequado
images/train/asu_339.jpg,train,inadequado
images/train/asu_554.jpg,train,inadequado
images/train/asu_65.jpg,train,adequado
images/train/asu_403.jpg,train,adequado
images/test/asu_39.jpg,test,adequado
images/train/asu_585.jpg,train,adequado
images/train/asu_98.jpg,train,inadequado
